Name,Address,PhoneNumber,Website,Email
Ikra Junior High School,"Ikra, Ikra Hazrapur, Abinashpur - 731121",-8159992475,,
Sirsitta Junior High School,"Shirshita, Abinashpur - 731121",-9734766388,,
Talibpur High School,"Panrui Kurmitha Road, Talibpur, Abinashpur - 731121",-9732100484,,
Batikar Abhedananda Vidyapi..,"Batikor, Abinashpur - 731121",-9932435794,,
Narasunda Primary School,"Narasonda, Abinashpur - 731121",-7479163777,,
Rasaipur Primary School,"Mongaldihi, Panrui Kurmitha Road, Abinashpur - 731121",-9434326705,,
Raghaipur Primary School,"Dhansaha, Abinashpur - 731121",-9933072213,,
Brahmrishi Mission School,"Hanuman Garh Road, Abohar - 152116",-16387823762,,
Simigo International School,"Sitto Road, Abohar - 152116, Near Srs Marriage Palace",-16376642993,http://www.simigointernationalschool.org http://www.simigo.edu.in,
Jhamkudevi Senior Secondary..,"Mehrajpur, Sitto, Abohar - 152118",-9259968540,http://www.jhamkudevischool.com/,jhamkudevischool@rediffmail.com
Delhi Public School,"Abohar - 152116, Sri Ganganagar National Highway-15 Near Ridhi Sidhi Colony",-8529857474,http://www.dps.edu.in,admissions@dps.edu.in
New Light Public Senior Sec..,"Nlps, 13-14-15th Lane, Mandi, Abohar - 152116, Near Nai Abadi",-16328550087,,
Shivalik Public Sen Sec Sch..,"Patel Nagar, Abohar - 152116",-9496237422,,
Kids Kingdom Convent School..,"Singhewala, Dabwali Malout Road, Abohar - 152118",-9414959196,http://www.kkcsedu.org/,lteskks@gmail.com
Pawan Computer,"Jandwala Hanumanta, Abohar - 152132, Bactur Bus",-9980500411,,
Parishkar Convent School,"Bahadur Khera, Abohar - 152116",-974562337,http://parishkar-convent-school.business.site/,.@.null
Govt. Model School Gidderan..,"Giddranwali, Abohar - 152116",-9077197288,http://www.pseb.ac.in/,punjabschool@gmail.com
G.d.senior Secondary Model ..,"New Suraj Nagari, New Suraj Nagari, Gd School Road, Abohar - 152116",-9848599836,,
New Anmol Model High School,"Ram Dev Nagar, Abohar - 152116, Near Dev Clg",-9454680799,,
Parishkar School,"Singar Nagar, Alambagh, Lucknow, Uttar Pradesh, Bahadur Khera, Abohar - 152117, Near Ramdev Mandir",-9716642157,,
Adharshila Playway Convent ..,"Sitto Road, Abohar - 152116, Near Railway Crosing",-16315080524,,
Mathematics Hub,"Sh 7a, Number 1 Ram Dev Nagar, Number 1, Ram Dev Nagar, Street, Abohar - 152116",-9685431369,http://https://mathematics-hub.business.site/,
Aspire International School,"Bhangalan Abohar Road, Gobindgarh, Abohar - 152117, Near Army Cantt",-9859624147,,
Comfy International Convent..,"Khui Khera, Fazilka, Sh 07, Fazilka, Fazilka, Fazilka Road, Abohar - 152116",-817770968,http://www.comfyschoolfzk.com/,comfyschool@gmail.com
Mini Public Sr. Sec. School,"Number, 10, Number 3, No.3, Nai Abadi, Street, Abohar - 152116",-988531684,,
Tagore Vidya Niketan School,"Abohar Sito Road, Abohar - 152117",-947220907,,
Khushdil Model High School,"St No. 2, Old Fazilka Road, Abohar - 152116",-9422441042,http://www.pseb.ac/,
Azad Hind Public School,"Bhagu, Bhagoo, Abohar - 152116",-9792804736,http://goggle.com/,
Navyug Senior Sen.School,"Indra Nagri, Abohar - 152116",-16399335103,,
Government High School,"Dhingawali, Dhigan Wali, Abohar - 152132",-9898950371,,
Adharshila Play Way Convent..,"Abohar, Fazilka, Sh 15, Fazilka, Fazilka, Fazilka Road, Abohar - 152116",-943059664,,
M.d.s Public School,"Uttam Vihar Colony, Nai Abadi, Abohar - 152116, Near ....",-9793441930,,
Little Leaders School,"Village Wahabwala, Wahabwala, Abohar - 152116, Opposite Punjab National Bank,Near Bus Stop",-9912064390,,
Government School,"Vpo Killianwali, Tehabohar, Sayad Wala Road, Abohar - 152116",-9584020594,,
ST. Alphonsa Convent School,"Street No.6, Model Town,Sito Road, Abohar - 152116, Under Construction Near Jaishree Estates,Sito Road",-16374725165,http://www.stalphonsaconventschool.com,contact@stalphonsaconventschool.com
M.R Public High School,"Jhurar Khera, Abohar - 152116",-9057443002,,
New Adarsh Public School,"Kularan, Abohar - 152116",-9760496583,,
Shri Om Parkash Avn Public ..,"Maujgarh, Maujgarh, Abohar - 152132, In Front Bus Stand",-1634579482,,
Gtb Playway School,"Street No 7, Abohar - 152116, Old Suraj Nagari",-9780059016,,
Kilkari International Schoo..,"Kilkari International School, No.3, ABOHAR - 152116, Nai Abadi, Chhoti Pouri",-163717061,,
Assumption Convent School,"Sito Guno Road, Abohar - 152116, Assumption Nagar",-1631418953,http://www.assumptionconventabohar.com,
Government  Higher Secondar..,"Lajpat Nagar, Abohar - 152116",-9826379525,,
Bhartiya High School,"2, Anand Nagri, 1, Nanak Nagri, Street, Abohar Mandi, Abohar - 152116",-9016072698,,
Springles Pre School,"New Suraj Nagari, Abohar - 152116",-9681219444,,
R S M Convent School,"Fazilka, Abohar - 152132",-8594620540,,
Navnirman Public School,"Fazilka, Abohar - 152116",-9854453132,http://navnirmanpublicschool.com/,
Little Pearls Play Way Scho..,"New Suraj Nagaristreet No4/5, Hanumangarh Road, Hanumangarh Roadpt Het Ram Sharma Marg, Abohar - 152116",-9873883806,,
Jhamku Devi Girls School,"Dhora Mehrajpur Abohar Distt, Abohar - 152116, Ferozepur Punjab",-16372424747,,
Vikas Adarsh Sen Sec School..,"Daulat Pura, Malout Road, Abohar - 152116",-16314530363,http://vikasschoolabohar.com/,
Swami Vikenanda Public Scho..,"Subash Nagar, Aboharmalout Link Road, Abohar - 152116",-9477679984,,
Maharishi Dayanand Public  ..,"Bhagoo, Abohar - 152116, Near Coproration Bank",-16334152675,,
Govt. Primary School,"Jhurar Khera, Abohar - 152116",-903157285,http://govtprimaryschool.com/,
Guru Kripa Public School,"Shergarh, Abohar - 152132",-9353817356,,
M R Model School,"Friends Coloney .Old Fazilka Road, Abohar - 152116",-8485010426,,
Giggles Playway Convent Sch..,"Number 10, Nai Abadi, Street, Abohar - 152116",-8475528361,http://gigglesplayschool.in/,Info@gigglesplayschool.in
Colonel Oxford School,"Km.7, Hanumangarh Road, Abohar - 152116, Abohar Punjab",-1634751176,,
Pachmi Vihar,"Kailash Nagar, Abohar Sito Road, Abohar - 152116",-9813301792,,
Icse Horizon,"2, Abohar Road, Gobindgarh, Abohar - 152117",-9849254102,,
Ranade Coaching Centre,"W 5 48/1291, New Twp, Civil Line, Abohar Hanumangarh Road, Abohar - 152116",-9850408777,,
Holy Heart High School,"Nai Abadi, Kandhwala Road, Abohar - 152116",-9496101072,,
Goverment High School,"Giddranwali, Fazilka, Nh 15, Fazilka, Fazilka, Fazilka Road, Abohar - 152116",-9497325927,,
Foreign Language School In ..,"Basant Avenue, Near Race Course Road, Abohar - 152116",-943766515,,
Sahid Udhman Singh Senior S..,"Khian, Fazilka, Sh 15, Fazilka, Fazilka, Fazilka Road, Abohar - 152116, Radha Swami Dara",-9771054705,,
Time Zone School English,"Abohar - 152116, Near Bus Stand",-9796557622,,
Kidzee Preschool,"Street Number 2 Mahaveer Colony, Abohar - 152116, Opposite Dr Naveen Sethi Hospital",-16326982234,,
K2s Career Zone,"No. 25, 1, 16 A Gaushala Road, 16 A Gaushala Roadstreet, Abohar Mandi, Abohar - 152116",-9860793310,,
Colonel Oxford School,"Bhangar Khera, Abohar - 152132",-16373641009,,
Indian Public School,"Shyam Vihar Colony, Main Bazar, Khairpur, Abohar - 152116",-9816303640,http://epunjabschool.gov.in/,
susivs Institute,"Jain Nagar, Jain Nagar, Mandi, Abohar - 152116, Bus Stand",-9710571370,,
Shiksha Carrier Point,"Abohar, 1, Nanak Nagri, Street, Abohar Mandi, Abohar - 152116",-955456169,,
Guru Nanak AV Senior Second..,"Patel Nagar, Abohar Mandi, Abohar - 152116",-9487454049,,
Deep Public Middle School,"Number 14, Nai Abadi Road, Nai Abadi Roadstreet, Abohar - 152116",-9474771980,,
Kaizen Academy,"32, Shyam Vihar, Shri Shyam Vihar, Gate No. 1, Abohar - 152116, Near Old Fazulka Road",-16390205071,,
SSD HIGH School,"Panj Peer Nagar, Abohar - 152116, panj peer dargah",-9484913584,,
Supreme Convent School,"Supre Convent School, Abohar Punjab, Abohar - 152116",-16310001001,,
The Oxford School Of Educat..,"Baja Khana Road Bhagta Bhai, Abohar Punjab, Abohar - 152116",-16323184425,,
Path Seeker,"Radha Soami Satsang Beas, Abohar 2, Military Station, Hindumalkot, Abohar - 152116",-9839413205,,
Alpine Institute Of School ..,"Sh14, Abohar - 152116, Panj Peer Nagar",-9415537520,,
Little Bells Convent School,"Abohar-Malout Road, Near Railway Bridge, Behind PWD Office, Abohar - 152116",-9630576820,,
TOOLS & TECHNOLOGY Pvt.ITI,"Fazilka, Abohar - 152116",-8848968426,,
Little Champs play Way conv..,"Ramsra, Ramsara, Abohar - 152116",-9268665333,,
Modren Public High School,"Azimgarh, Abohar - 152116, Above Azimgarh",-16327092154,,
Dreamland Public School,"Abohar to Fazilka Road, Abohar - 152116, District Fazikal, Near Purjmaraj Village",-9569378631,,
Sarkari School,"Rukanpura Urf Khui Khera, Abohar - 152116",-9891637350,,
Goverment School,"Dalmir Khera, Abohar - 152132",-8191739129,,
Govt. Upper Primary School,"2 G, Rajasthan, Abohar - 152132",-869890375,http://www.rajteachers.com/,rajteachers.com@gmail.com
Hardar Sheela Play Way Scho..,"Sitto Gunno, Abohar - 152116, near sito road",-9866844210,,
Janta Model High School Jan..,"Jandwala, Dr. Vimal Sharma Road, Jandwala Hanumanta, Abohar - 152132",-9717809356,,
Government Primary School G..,"Fazilka, Gumjal, Abohar - 152132",-9476617351,,
Govt. School,"Bhangalan, Bhangalan Abohar Road, Abohar - 152117",-9473497086,,
Saint Farid School,"Bhangalan, Abohar - 152117",-7090195430,,
St. Johns School,"Amthala, Abu Road Rajasthan, ABU Road - 307026",-29713764984,http://www.stjohnsabu.com/,
H G International School,"Manpur, Abu Road Bazar, Abu Road - 307026, Near Jain Temple",-29750461580,http://www.hgischool.co.in,
The Ummed International Sch..,"Khara, Abu Road - 307026",-8257703184,http://theummedinternationalschool.com/,theummedinternationalschool@gmail.com
Govt. College,"Keshargani, Abu Road Rajasthan, ABU Road - 307026",-29796662475,,
Govt. Sr. Sec School,"Mount Rd, Abu Road Rajasthan, ABU Road - 307026",-29799818620,,
Railway Senior Higher Secon..,"Mount Road, Abu Road Bazar, Abu Road - 307026, Near Railway Station",-29789391970,http://www.railwayschoolaburoad.in/index.php/CONTACT FORM/vgallery.php,globalwebserver@gmail.com
Royal Rajasthan Public Scho..,Abu Road - 307026,-7946942375,,
St Anselm School,"Riico Industrial Area Nh 14, Abu Road - 307026",-2971399240,http://www.abutimes.com/anslemsabr/,news@abutimes.com
Adarsh Vidya Mandir Boys Sc..,"Aabkari, Abu Road - 307026",-9675605897,http://www.adarshvidyamandir.org/,news@abutimes.com
St. Paol School,"Gandhi Nagar, Abu Road Rajasthan, ABU Road - 307026",-29795314825,,
P. P Savani Cambridge Inter..,"Railway Colony, Fatak Road, Abu Road Bazar, Abu Road - 307026",-8184357032,,
Bajrangbal Vidhya Mandir,"Luniyapura, Dhub Nagri, Abu Road Gandhi Nagar, Abu Road - 307026, Near Railway line",-9162726851,,
Aadrash Government Senior S..,"Mawal, Abu Road - 307026",-8046874043,,
Royal Rajasthan Public Scho..,"Rishikesh Road, Umarni, Abu Road - 307026",-775398725,,
Surya School,"Sadalpur, Adampur - 125052",-9419016132,http://www.suryaschoolsadalpurhisar.com/,
Shanti Niketan PUB School,"College Road Mandi Adampur Hissr 125052, Adampur - 125052",-16619219604,,
Northern International Scho..,"Mandi Adampur, Hisar, Daroli Road, Daroli, Adampur - 125052",-9497609254,http://www.nis.edu.in/,principal@nis.edu.in
Sukh Ram Memorial Public Sc..,"Vpo Kalirawan, Adampur Distt Hissar, Hissar, Haryana, Hisar, Kalirawan, Adampur - 125052",-975869280,http://www.srmpskalirawan.com/,srmpskalirawan@gmail.com
Arya High School,"Kalirawan, Adampur - 125052",-9774678040,,
Shree Peepasar Sr. Sec. Sch..,"Director Subhash Godara, Add, Khabra Road, Sadalpur, Adampur - 125052",-945827039,http://www.shreepeepasarschool.com/,Info@shreepeepasarschool.com
Monika Sr. Sec. School,"Malapur Neoli Khurd Road, Jakhod Khera, Adampur - 125052",-9442142420,,
Blooming Child School,"Ladwi Jakhod Road, Adampur - 125052",-9449059537,,
Shri Krishna Parnami School,"Sh 10, Adampur - 125052",-9421167059,,
New Adarsh Middle School Su..,"Market St, Sundawas, Adampur - 125052",-9493695292,,
Guru Dronacharya Internatio..,"Siswal Road, Bagla, Adampur - 125052",-9293925002,http://www.gdis.in/,info@inetbusinesshub.com
Government Senior Secondary..,"Sh 10, Moda Khera, Meda Khera, Adampur - 125052",-9422385895,http://www.schooleducationharyana.gov.in/,info@inetbusinesshub.com
V.M. Vishvas School,"V.m. Vishvas School, Mandi Adampur, Mandi, Adampur - 125052",-9264514445,,
Adarsh Vidya Mandir Sr. Sec..,"Durjanpur, Adampur - 125052",-9485454585,,
Bright Sun Senior Secondary..,"Mothsra, Adampur - 125052",-9244358056,,
Mothers Pride Convent Schoo..,"Sh 10, Adampur - 125052",-8625455600,,
Government  Secondary  Scho..,"Daroli, Adampur - 125052",-9425596265,,
Govt Middle School,"Mothsra, Kohli Mahalsra Road, Adampur - 125052",-8020190310,,
Aacharya Chanakya Public Sc..,"Sekhupur Daroli, Adampur - 125052",-9859908758,,
Govt. High School,"Chuli Kalan, Rajasthan, Chuli Road, Chuli Khurd, Adampur - 125052",-8648251020,http://www.schooleducationharyana.gov.in/,
Govt. Primary School Swami ..,"Adampur, Rajasthan, Adampur - 125052",-7585800752,http://education.rajasthan.gov.in/,rau_jodhpur@yahoo.co.in
Gjss School,"Model Town, Adampur - 125052",-9933516078,,
Sunrise Middle School,"Vikas Nagar, Adampur - 125052",-9868947189,,
Adarsh High School Mandi Ad..,"Vikas Nagar, Adampur - 125052",-9469228716,,
Bal Phulwari School,Adampur - 125052,-9448308482,,
Emm Aar International Schoo..,"Mainschool, Adampur - 125052",-9822394240,,
Ideal India Public School,"Lakhpul, Adampur Siswal Road, Mandi Adampur, Adampur - 125052",-9912749,,
Bal Bharti School,"Mohabatpur, Adampur - 125052",-8626549561,,
Gps Dera Banera,"Unnamed, Adampur - 125052",-8826991891,,
Govt.High School,"Fransi, Adampur - 125052",-9040593067,,
St. Josephs International S..,"Nh 10, Chikanwas, Adampur - 125052",-9272905820,http://sjis.in/,info@sjis.in
Maharaja Aggarsain Public S..,"Sirsa Road Fatehabad Hissar Haryana, Hansi, Hissar - 125052 (Also serves ADAMPUR)",-16630807594,,
Fatima Convent High School,"Guntur Colony Sirpur Kaghaznage, Sirpur Kaghaznagar, Adilabad - 504296, Near L.p.g Godow",-87370123613,,
Little Star High School,"2-1-98, Shanti Nagar, Adilabad - 504001",,,
Little Star High School,"1-2-98,, Shanthinagar, Shanti Nagar, Adilabad - 504001",-87387080752,http://www.agakhanschools.org/India/LSHSA,
Aryabhatta International Sc..,"7-1-9, Nh 7, Bhuktapur, Adilabad - 504001, Opposite to New Bus Stand",-9923024293,,
Kakatiya High School,"Nh 7, Ramnagar Colony, Dasnapur Colony, Adilabad - 504001, Near Hanuman Mandir",-9943639655,http://kakatiyatechnoschool.webs.com/,dyawarishettyhemanth@gmail.com
Sr Digi School,"Mavala Mandal, Dasnapur, Teachers Colony, Adilabad - 504001",-8884299760,http://www.srdigischool.com/,vizag@srdigischool.com
Sri Pulaji Baba School Of E..,"Uttnoor, X Road, Adilabad - 504311",-9999468249,,
S.M.M Golden Leaf School,"Adilabad ., Ichoda, Thanda Road, Echoda, Adilabad - 504307",-9941601174,,
Mayuri School,"Mayuri Colony, Kowthala, Adilabad - 504299, Beside Police Station",-87341293887,http://mayurividyalayamkoutala.com/,
Global High School,"Netaji Chowk, Adilabad - 504001, Behind Central Library",-9271188542,,
Global High School,"Teachers Colony, Adilabad - 504001",-9231122458,,
Vedham School Of Excellence,"4-3-5/A/30, NARSIMHA NAGAR, BHAINSA Dist : ADILABAD, Andhra Pradesh, Bhainsa, Adilabad - 504103",-9475734659,,
Samskaar Dreams School,"Ponnar, Ravindra Nagar Colony, Dwaraka Nagar, Adilabad - 504001",-8792657639,,
Mount Carmel High School,"Nizamabad Mancherial Rd, Gudipet, Adilabad - 504207, Near Police Camp",-9838050771,http://mount-carmel-high-school-gudipet.business.site/,.@.null
Al- Furqan School,"Sathnala Road, Abdullah Chowk, Khanapur, Adilabad - 504001",-8981590658,,
Rotiguda School,"Jannaram, Adilabad - 504205",-8675008953,,
Sr Prime School,"Chincholi Buzurg, Adilabad - 504110",-9962687457,http://www.srprimeschool.com/,
Grand Meridian School,"Nirmal Mancherial Road, Mamda, Adilabad - 504310",-9857504294,http://grandmeridianschool.in/,
Slate High School,"Jannaram, Jannaram, Adilabad - 504205",-9998740196,,
Rainbow Play School,"Naspur, Adilabad - 504302",-9046283998,,
Sanjay Gandhi Government Po..,"Dasnapur, Sapthagiri Colony, Chaitanyapuri, Adilabad - 504001",-9954873512,http://www.sbtettelangana.org/,
Jrm High School,"Bhainsa, Adilabad - 504103, Vinayak Nagar, Near Kamala Theatre",-7342347124,,
ST.Josephs Convent High Sch..,Adilabad - 504001,-87378534308,,
Dhruva Concept School,"Khanapur, Adilabad - 504203",-9464425954,,
Prathibha High School,"Nh 7, Ramnagar Colony, Adilabad - 504001, Near New Apartment's",-8550611789,,
Zilla Parishad Secondary Sc..,"Mavala Mandal, Dasnapur, Ramnagar Colony, Adilabad - 504001",-9458653597,,
Vagdevi Vidyalayam,"Kistampet, Adilabad - 504201",-9920254394,,
Wagaitanda Primary School,"Village Wagaitanda, Indervelly, Adilabad - 504346",-7772353673,,
Vijetha Techno School,"Maskapur Road, Khanapur, ADILABAD - 504203",-9468633029,,
Jayarani English Medium Hig..,"Jannaram, Adilabad - 504205",-9946676345,http://www.jayaranienglishmediumschool.tk/,
C B R Model School,Adilabad - 504001,-9832505793,,
Vasavi High School,"Bhainsa, Adilabad - 504103, Narsimha Nagar",-9896585366,,
Cv Raman High School,"B Zone, Bhagath Singh Nagar, Ramakrishnapur, Adilabad - 504301",-9985587902,,
Sri Saraswathi Shishu Mandi..,"Subhash Nagar, Ichoda, Ichoda Main Road, Echoda, Adilabad - 504307",-8762732200,,
Hunman Thampul,"Easgaon, Adilabad - 504296",-9069727304,,
Ssr High School,"Nazrulnagar, Adilabad - 504299",-9882798914,,
Krishnaveni Resedential Sch..,"Dasnapur, Adilabad - 504001",-87377397625,,
Sri Krishnaveni Talent Scho..,"Near Busstand Main Road Jannaram, Jannaram, ADILABAD - 504205",-7747753074,,
ZPSS Indhanpally,"Nirmal Mancherial Road, Adilabad - 504205",-9457478011,,
Mandal Parishad Primary Sch..,"Nirmal Jilla, Kubeer Mandal, Pardi Khurd, Adilabad - 504103",-9980025739,,
Sharada Public School Basar,"Mailapur, Adilabad - 504101",-8786367957,,
Jawahar Navodaya Vidyalaya,"Trishul Pahad, Trishul Pahad, Sirpur Kaghaznagar, Adilabad - 504296, R R O Camp",-87398476881,,
St.Thomas School,"Venkatapur, Adilabad - 504304",-9489918304,,
Little Flower High School,"Hospital Road, Shanti Nagar, Adilabad - 504001, Utnoor",-9488919046,,
Government School,"Nighwa, Nigwa, Adilabad - 504103",-7920411460,,
First steps school ichoda,"Unnamed Rd, Maharashtra, Vidhya Nagar, Ichoda, Echoda, Adilabad - 504307",-9999359982,,
A P Social Welfare Resident..,"K G B V Schools, Lokeshwaram P & Vill, Adilabad - 504001, Lokeshwaram Mandal",-8027379307,,
Sacred Heart Convent School,"Rampoor, Adilabad - 504001",-7688672020,,
Telangana Minority Resident..,"Utnoor, Adilabad - 504311",-8783511332,http://www.tmreisutnoor.com/,
Chaitanya E-Techno School,"Chaitanya E Techno School, Rahul Nagar Road, Vinayak Nagar, Bhainsa, Adilabad - 504103",-9618551092,http://www.srichaitanyaschool.net/,
Noble Public School,"Subbapalle, Adilabad - 504209",-9670173342,,
Vivekananda School,"Sai Nagar, Koloor Road, Tanur, Adilabad - 504102",-9685249972,,
Governement School,"Dasnapur, Dasnapur Colony, Adilabad - 504001",-9595759970,,
A P Social Welfare Resident..,"A P S W R S / J C Girls, Behind Sanjay Gandhi Polytechnic, Boath, Adilabad - 504304, Adilabad",-9797589458,,
Little Flower High School,Adilabad - 504001,-948135956,,
Sri Aravinda School Em,"Narsapur, Adilabad - 504104",-8758659747,,
Alphores School Of Gen Next,"Siddharth Nagar, Rahul Nagar Road, Bhainsa, Adilabad - 504103",-9491158518,http://www.alphores.com,
Noble High School,"Bangala Galli, Bhainsa, Adilabad - 504103",-9419623205,,
Madrsa Gulshan E Fatima,"Sirpur Kagaznagar Road, Edgha Colony, Sirpur Kaghaznagar, Adilabad - 504296",-9945868294,,
Minority Resdinsial School&..,"Chinnur, Majhaulia, Adilabad - 504201",-8751086064,,
Mahathma Gandhi Memorial En..,"Main Road, Gudihatnoor, ADILABAD - 504308",-9975958852,,
Little Star High School,"Shanti Nagar, Adilabad - 504001",-947620297,,
Goutham Model School,Adilabad - 504001,-9274389382,http://www.gowtham.org,Info@gowtham.org
Sri Balaji Vidya Mandir,"Sri Balaji Vidya Mandir, Dasnapur, ADILABAD - 504001",-9939504943,,
Mpps Lingatla School,"Ne 2, Lingatla, Adilabad - 504323",-9470026937,,
ZPSS School,"1, Pembi, Adilabad - 504203",-8793331035,,
Holy Faith Convent School,"Vidyanagar, Khanapur, Adilabad - 504203",-9667424860,,
Badampelli Gramapanchayathi,"Badampally, Adilabad - 504205",-9468518131,,
Ghs Old School,"11 Ward, Sirpur, Sirpur Kaghaznagar, Adilabad - 504296",-999166727,,
Srk English Medium School,"Rama Krishnapuram Road, B Zone, Ramakrishnapur, Adilabad - 504301",-9915398932,,
Sharada Public School,"Nr. Railway Station, Adilabad - 504101, Railway Station",-87513127228,,
Hamsavahini School,"Borraganesh, Basar, Adilabad - 504101",-9943362988,,
Saraswathi Sishu Mandir Sch..,Adilabad - 504001,-87322437263,,
Jawahar Navodaya Vidyalaya ..,"Trishul Pahad, Sirpur Kagaznagar, Adilabad - 504296",-87327078158,http://www.jnvadilabad.gov.in,info@rcsindia.co.in
Kendriya Vidyalaya,"Old Dm House, Adilabad - 504001, Nirmithi Kendram",-87340691623,http://www.kvadilabad.org,info@rcsindia.co.in
Suahmitha,"Basar, Adilabad - 504101",-9550266198,,
Abhyudaya High School,"Door No 1-41, Adilabad - 504001, Pipparwada, Beside NH7",-87388275488,,
Al Falah Islamic School,"Bhuktapur, Adilabad - 504001",-9083826183,,
Benny Driving School,"Road, Maharashtra, Sonala, Adilabad - 504304",-993587093,,
Gnana Saraswathi Primary Sc..,"Narayanpur, Adilabad - 504292",-997609158,,
Sai Goud,"Chinnur, Chinnoor, Adilabad - 504201",-9829409166,http://saipolu555.wixsite.com/,
Srujana High School,"Kuntala, Adilabad - 504109",-9622743256,,
Chavara Academy,Adilabad - 504001,-9419307037,http://www.chavaraacademycbse.com,chavaraacademy@gmail.com
Naunehal Urdu High School,"Putli Bowli, Adilabad - 504001, Fatima Gulshan Colony",-9425410667,,
Kendriya Vidyalaya,"CCI Township, Adilabad - 504001",-87399185310,,
St Joseph Convent School,Adilabad - 504001,-9035961404,,
Sun Shine School,"Ootnur, Adilabad - 504311",-8364529669,,
C.ram Reddy M.school,"Ravindra Nagar, Adilabad - 504209",-9836453172,,
Smart School,"Adilabad - 504001, Beside New Bus Stand Adilabad",-8098324916,,
Sri Sarswathi Gnana Vidyala..,Adilabad - 504001,-9448164393,,
Darsgah-E-Islami,"Nethaji Chowk, Colony, Hameed Pura, Adilabad - 504001, Beside Madina Masjid",-9526793366,,
Al-Falah International Scho..,"6-7-72/34/4, Near Phule Chowk, Bhuktapur, Adilabad - 504001",-7525007329,,
Tagore Public School,"Dasnapur, Sapthagiri Colony, Chaitanyapuri, Adilabad - 504001",-8727554909,,
Sri Satya Sai Vidyanikethan,"Bhattisavargaon, Adilabad - 504001",-9978900258,http://www.satyasai.com/,
"Zpss Boys , Zpss Boys A- Zo..","Adilabad - 504001, Ramkrishnapur",-87394098854,,
Zpss High School,"Yapalguda, Adilabad - 504001",-7977907822,,
Sri Vani Shishu Vidya Mande..,"Gudihatnur, Gudihatnoor, Adilabad - 504308",-9915587988,,
Excellent English Medium Sc..,"Ichoda, Adilabad - 504307",-9018559566,,
Exlent School English Media..,"Ichoda, Adilabad - 504307",-9611482086,,
TS Residential Girls Hostel,"Boath Buzurg, Adilabad - 504304",-8054245171,,
Sgv School,"Boyawada, Sevadas Nagar, Utnoor, Ootnur, Adilabad - 504311",-8195914496,,
Pune Spoken English And Com..,"Utnoor, Utnur Road, Ootnur, Adilabad - 504311",-725717066,,
Rainbow Public School,"Neredgonda, Neradigonda, Adilabad - 504323",-9614893900,,
little hans high school,"vinayak nagar, Jannaram, Adilabad - 504205, tiger reserve marg",-87381414277,,
Sri Saraswathi Shishumandir,"Narsapur, Adilabad - 504104",-8714491667,http://sri-saraswathi-shishumandir-narsapurg.business.site/,.@.null
Govt High School Kishtapur,"Kishtapur, Adilabad - 504205",-9480038935,,
Islamia Model High School,"New Abadi, Bhainsa, Adilabad - 504103",-943717717,http://ismh.com/,
Vasavi Space High School,"Vasavi Space High School, Narsimha Nagar, Bhainsa, ADILABAD - 504103, Bhainsa",-9861718613,,
Wings School Of Excellence,"Bhainsa, Adilabad - 504103, Madina Colony",-9657620978,,
Anganwadi School,"Vitholi, Adilabad - 504102",-7044518208,,
Saraswathi Gnana Mandir,"Sirpur Kaghaznagar, Adilabad - 504296",-9718775870,,
Fatima Convent High School,"Teachers Lane,Eidga Colony Road,Kaghaznagar, Sirpur Kaghaznagar, Adilabad - 504296",-956300847,,
Ups School Chinnagudipet,"Thangallapalle, Adilabad - 504273",-9675605897,,
Pragathi Vidya Mandir Schoo..,"Telangana, Nagarjuna Colony, Bhagath Singh Nagar, Ramakrishnapur, Adilabad - 504301",-9859785947,,
Srilaxmi Shishu Mandir,"Mancherial, Srirampur Colony, Adilabad - 504303",-9747635668,,
S R Digi School,"Teachers Colony, Adilabad - 504001",-8852695909,http://www.srdigischool.com/,vizag@srdigischool.com
Vyshnavi Model School,"Sanjay Nagar, Adilabad - 504001, Near Panchamuki Hanuman Temple",-9946780317,,
Mothers Care Techno High Sc..,"Near Masood Chowk, Masood Chowk, Adilabad - 504001, Beside Deo Office",-87366846683,,
Mothers Care Techno High Sc..,"Masood Chowk, Adilabad - 504001, Near Masood Chowk",-9526335642,,
Bharathi School,"Khanapur, Adilabad - 504203",-9065974392,,
Vidyadhari High School,"Sirpur Kaghaznagar, Adilabad - 504296",-9414013833,,
Artificial Intelligence Sch..,"Srirampur Colony, Adilabad - 504303",-9993612408,,
Sri Saraswathi Shishu Mandi..,"Vinayak Chowk, Adilabad - 504001",-9440552873,,
Mothers Care School,Adilabad - 504001,-9788254756,,
Yuva Sangathan School,"Post Office Road Bellampally, Bela, Adilabad - 504309",-8736152103,,
Sri Sevadas Vidyamandir,"Mandal Bikaner, District Adilabad, Asifabad Road, Hasnapur, Adilabad - 504311",-9682769591,,
School Mpps,"Jhari Buzurg, Adilabad - 504102",-8167466462,,
Vip Concept School,"4 Village No.1, Easgaon, Adilabad - 504296",-9439494466,,
Neo Kids School,"Mcc Mancherial, Patha Mancherial, Adilabad - 504209",-9950602444,,
C.Ram Reddy M. School,"Ravindranagar, Adilabad - 504299",-9957917230,,
Sri. Krishnaveni Talent Sch..,"Teachers Colony, Adilabad - 504001",-87324892398,,
A.P. Tribal Welfare Residen..,"Behind Collector Bungalow,, Adilabad - 504001",-9966840738,,
C Rr Memorial School,"H No 11-5, Old Dasnapur, Adilabad - 504001",-9897645576,,
Zilla Parishad Secondary Sc..,"Tiryani, Adilabad - 504297",-7345565158,,
Bachpan A Play School,"House no.4-7-362,, Vidya Nagar, Adilabad - 504001, Lane Beside R & B Guest House",-7787519389,http://www.bachpanglobal.com,
Crr Memorial High School,"Mavala, Adilabad - 504001, Dasnapur, Gp",-87396298662,,
Adilabad St Joseph High Sch..,"Barodia, Adilabad - 504312",-7739289326,,
Keerthana Degree College,"Bela, Adilabad - 504309",-8790224044,,
Mandal Parishad Primary Sch..,"Ambedkar Nagar Colony, Khanapur, Adilabad - 504203",-819028947,,
Sanskar Kids School,"Umri, Maharashtra, Adilabad - 504102",-9186238742,,
Success School,"Myadaripet, Adilabad - 504206",-9662191299,,
Government High School,"Easgoan Village No 12, Kumaram Bheem, Sirpur Kaghaznagar, Adilabad - 504296",-8889343347,,
S R School,"Sirpur, Sirpur T, Adilabad - 504299",-9849607006,http://www.srdigischool.com/,vizag@srdigischool.com
C.M.P.School,"Chinnoor, Adilabad - 504201",-87343208033,,
C Ramreddy Memorial School,"ADILABAD - 504001, Ravindra Nagar",-9252605675,,
Vedam School,"Boath, Adilabad - 504304",-9521712638,,
Z.P.S.S High School,"Bapparam, Adilabad - 504105",-996217526,,
Krishnaveni Degree College,"47107, Vidya Nagar, Adilabad - 504001",-9941648937,,
Abhyasa Gurukulam,Adilabad - 504001,-9878548236,,
Mpups Yellapatar,"Yellapatar, Adilabad - 504313",-9471530996,,
Rising Sun English Medium S..,"Chinnur, Adilabad - 504201",-9451688704,,
Mothers Care High School,"sathnal road, Masood Chowk, Adilabad - 504001",-87369470976,,
Sri Gopala Krishna Vidya Ma..,"School Building, Vinayak Chowk, Adilabad - 504001, Near Vidyarthi College Road",-87399059572,,
Pragathi Shool,"Echoda, Adilabad - 504307",-9898544614,,
Telangana Minority Resident..,"Mudhole, Adilabad - 504102",-7967372386,,
Pragathi Vedyalayam,"Adilabad - 504001, Shanthi Nagar",-7399210502,,
Little Star High School,Adilabad - 504001,-87337922406,,
Anganwadi Center,Adilabad - 504220,-8032187208,http://tspsc.govt.in/,
Ts Model School,"Kuntala, Adilabad - 504109",-9926750747,,
Ushodaya High School,Adilabad - 504001,-9881928866,,
St Joseph High School,"Sirpur T, Adilabad - 504299",-8736821886,,
Sun Shine High School,"Sevadas Nagar, Utnoor, Ootnur, Adilabad - 504311",-9468556949,,
Government High School,"Vidyanagar, Vidynagar, Vidya Nagar, Hubali-Dharwad, Adilabad - 504203",-991239791,,
Vidyarthi High School,Adilabad - 504001,-9819008877,,
Mother Care Techno School,"Masood Chowk, Adilabad - 504001, Beside Deo Office Masood Chowk",-9530038148,,
A P Social Welfare Resident..,"A P S W R S / J C Boys, Mudhole, Adilabad - 504001",-87366525349,,
Little Bird High School,"Little Bird High School, Teachers Colony, ADILABAD - 504001",-9961679895,,
Balaji High School,"Dasnpapoor, ADILABAD - 504001, Near Hospital",-9973893872,,
KGBV,"Talamadugu, Adilabad - 504312, Lingi",-87382830161,,
Chaitanya School,"Indervelli, Adilabad - 504346",-9689232607,,
Vignan High School,"Bela, Adilabad - 504309",-9419908866,,
Vivekananda Junior And Degr..,"Vidhya Nagar, Ichoda, Ichoda Main Road, Adilabad - 504307",-8548952748,,
Sri Pulaji Baba School,"Ootnur, Adilabad - 504311",-9465231124,,
Chaitanya Junior College,"I.B.Chowrasta, Utnoor, Ootnur, Adilabad - 504311",-8718086303,http://srichaitanya.net/,webmaster@srichaitanya.net
Jeeyar Gurukulam,"Allampally, Adilabad - 504205",-9040425438,http://schools.vtsbharath.org/about-allampally/,contact@vtsbharath.org
Shivani Public School,"C/O Shivani Public School, Narsimha Nagar, Bhainsa, ADILABAD - 504103, Bhainsa",-9489574906,,
Prathyusha Convent School,"Hno 1-3-160, Indra Market, Sirpur Kaghaznagar, ADILABAD - 504296",-87385761064,,
A P Social Welfare Resident..,"A P S W R S / J C Boys, Sirput - T, Sirpur Kaghaznagar, Adilabad - 504296",-87336380073,,
Carmelgiri Convent High Sch..,"Devapur Cement Works, Adilabad - 504218",-87355049713,http://www.carmeldevapur.com,
Ashram High School Babapur,"Ba, Bapur, Adilabad - 504299",-9436367188,,
Saraswathi Sishu Mandir Sch..,"Srirampur Colony, Adilabad - 504303, Krishna Colony",-87362663725,,
Sri Saraswathi High School,"Shetpally, Adilabad - 504216",-9828894276,,
Gyr Modern School,"Ashok Road, Adilabad - 504001, Near Kanyaka Parameshwari Temple, Kolipura",-8368981990,,
St. Joseph Convent High Sch..,Adilabad - 504001,-87353110091,,
Star Glow International Kid..,"Dwaraka Nagar, Adilabad - 504001, Opp Central Bank",-734302478,,
New Universal Public School,Adilabad - 504001,-9811155268,,
Vishwabharathi School,Adilabad - 504001,-9683445787,,
SAI Vidya Mandir,Adilabad - 504001,-9378234282,,
Sri Sevadas Vidya Mandir,Adilabad - 504001,-8086290049,,
Global High School,Adilabad - 504001,-9465529735,,
Dayananda High School,Adilabad - 504001,-9287123244,,
Sahithi Vidya Mandir,Adilabad - 504001,-9476027462,,
Advyth Vidya Nikethan High ..,Adilabad - 504001,-9863855746,,
Shanthi Nikehtan School,Adilabad - 504001,-9262488543,,
St Marry School,Adilabad - 504001,-9366455664,,
Shama Urdu School,Adilabad - 504001,-9491875358,,
Mohamadian High School,Adilabad - 504001,-9489057124,,
Sun Shine School,Adilabad - 504001,-9978289496,,
Bharathi Vidyaniketan,Adilabad - 504001,-9244543024,,
Venkateshwara Public School,Adilabad - 504001,-9415634183,,
Nagachaitanya School,Adilabad - 504001,-9872827639,,
S R Digi Schools,"Priyadarshini Nagar, Adilabad - 504001, Nirmal",-8886814129,,
Vishwabharathi School,Adilabad - 504001,-9416270188,,
Shishu Vihar,Adilabad - 504001,-9477449516,,
St. Joseph Convent High Sch..,Adilabad - 504001,-87344861966,,
Blue Birds High School,Adilabad - 504001,-9891210806,,
Vishaka High School,Adilabad - 504001,-9992468342,,
Mansa High School,Adilabad - 504001,-9984888382,,
Vivekananda High School,"Bhuktapur, Adilabad - 504001, Beside Govt Girls High School",-87395053393,,
Crescent School,"Vinayak Chowk, Adilabad - 504001",-9920884947,,
Sri Venkaterhwara Vidya Man..,"Bhuktapur, Adilabad - 504001",-9975353167,,
Sri Gopala Kirshna Vidyaman..,"Vinayak Chowk, Adilabad - 504001",-9463164809,,
Principal Little Star High ..,"Vinayak Chowk, Adilabad - 504001",-87341755225,,
"Principal, St Josephs High ..","Vinayak Chowk, Adilabad - 504001",-87399990706,,
Vishwashanthi High School,Adilabad - 504001,-9981918572,,
Pragathi Vidya Samsthalu,"Shanti Nagar, Adilabad - 504001",-9851573544,,
City Gems High School,"Ashok Road, Masood Chowk, Adilabad - 504001",-9427161569,,
New Arunodaya High School,"Mahalaxmiwada, Adilabad - 504001",-9497586092,,
Mohammadian Urdu High Schoo..,"Mahalaxmiwada, Adilabad - 504001",-9443684086,,
Rk Tuition Center,"Tshb 2nd Zone, Bhattisavargaon, Dasnapur Colony, Adilabad - 504001",-9467798933,http://www.nalandacollege.com/ http://https://rk-tution-center.business.site/ http://rk-tution-center.business.site/,
C R R Memorial High School ..,"Dasnapur Colony, Adilabad - 504001",-87344737711,,
M.P.P.S School Durganagar A..,"Durganagar, Khoja Colony, Adilabad - 504001",-7369249993,,
Government Primary School,"Mavala, Adilabad - 504001",-9483084903,,
Srr High School,"7-96 Vill Srirampur, Allurisittharamaraju Nagar,, Adilabad - 504001, Coal Chemical Complex",-87326458788,,
Zpss Yapalaguda,Adilabad - 504001,-87318035002,,
A P Social Welfare Resident..,"K G B V Schools, Bhimini Post, Adilabad - 504001, Bhimini Mandal",-8071164677,,
A P Social Welfare Resident..,"K G B V Schools, Kotipally Village & Mandal, Adilabad - 504001, Via Chennur",-8016350700,,
A P Social Welfare Resident..,"K G B V Schools, Mamda Post & Village, Adilabad - 504001, Mamda Mandal",-8040162475,,
A P Social Welfare Resident..,"K G B V School, H.no.1-38, Silveru Nagiah House, Adilabad - 504001, Nennal Post & Mandal",-8043529720,,
A P Social Welfare Resident..,"K G B V School, Echoda Post, Adilabad - 504001, Echoda Mandal",-8027320174,,
A P Social Welfare Resident..,"A P S W R S / Jc Girls, Adilabad - 504001, Adilabad",-8731252725,,
A P Social Welfare Resident..,"A P S W R S / J  C Girls, Srsp Camp, Adilabad - 504001, Luxittipet",-9743957859,,
A P Social Welfare Resident..,"A P S W R S Boys, Chennur, Adilabad - 504001, Indaram,Jaipur Mandal",-9742829334,,
A P Social Welfare Resident..,"A P S W R S /J C Girls, Jam, Adilabad - 504001, Sarngapur Mandal",-9746378139,,
Diamond Jubilee School,"H.no.5-133, Ram Nagar,, Adilabad - 504001",-87361576237,,
Advait Vidya Niketan,"Dadaji Nagar, Adilabad - 504001",-87320449147,,
Al Huda Primary School,"Ward-4,, Adilabad - 504001",-9392945492,,
Ganga Reddy B . (Teacher),"H No 1-2-72/13, Shanthinagar, Adilabad - 504001, Adilabad",-873696839,,
Ganga Reddy N. Teacher,"Migh-A-45, Aphb Colony, Adilabad - 504001, Adilabad",-87382412845,,
Laxman Aljhapur. (Teacher),"15-29, Shadnagar, Adilabad - 504001, Dasnapur, Adilabad",-87389566083,,
Urdu Medium Primary School ..,"School Complex, Hammethpuar P S Main Road, Nh-7, Adilabad - 504001, Opp: A P Transco",-9787391822,,
Holly Cross Grammer High Sc..,"Holly Ross Grammer High School, Vidyanagar, Nh-7 Road, ADILABAD - 504001, Opp: Mayuri Restaurent",-9946438956,,
Saint Thomas School,"Saint Thomas School, Sanjay Nagar, ADILABAD - 504001",-9886106139,,
A P Social Welfare Resident..,"A P S W R S Girls, Nachan Ellapur, Adilabad - 504001, Kaddem Khanapur",-9715172173,,
A P Social Welfare Resident..,"A P S W R S Girls, Near A R Head Qtrs, Adilabad - 504001, Bellampalli",-9770230735,,
Zp School,"Kajjarla, Adilabad - 504001",-9912523834,,
Ravi High School And Junior..,"Nirala, Adilabad - 504309",-8736958758,,
Shanthi Nikehtan School,"Tamsi, Adilabad - 504312",-9958524710,,
Vagdevi School,"Jainad, Adilabad - 504309",-9847798043,,
J Ram Reddy Vidyaniketan,"Talamadugu, Adilabad - 504312, Kuchalapoor",-87316737993,,
Egs Malkupally,"Talamadugu, Adilabad - 504312",-87372465249,,
Zilla Parishad High School,"Talamadugu, Adilabad - 504312, Lingi",-8734002791,,
Mandal Parshad Public Schoo..,"Talamadugu, Adilabad - 504312, Sunkidi",-87384283745,,
Zilla Parishad High School,"Talamadugu, Adilabad - 504312, Sunkidi",-87323381463,,
Shrada Vidya Niketan,"Talamadugu, Adilabad - 504312, Sunkidi",-87327348891,,
Mandal Parshad Public Schoo..,"Talamadugu, Adilabad - 504312, Umdam",-87330132460,,
Mandal Parshad Public Schoo..,"Talamadugu, Adilabad - 504312, Khodad",-87390262125,,
Mandal Parshad Public Schoo..,"Talamadugu, Adilabad - 504312, Kajjarla",-87310682058,,
Zilla Parishad High School,"Talamadugu, Adilabad - 504312, Kajjarla",-87328726773,,
Mandal Parshad Public Schoo..,"Talamadugu, Adilabad - 504312, Ruyyadi",-87343458468,,
Mandal Parshad Public Schoo..,"Talamadugu, Adilabad - 504312, Dorli",-87398223484,,
Ahs Girls School,"Talamadugu, Adilabad - 504312, Umrei",-87354513814,,
Mandal Parshad Public Schoo..,"Talamadugu, Adilabad - 504312, Jhari",-87313419951,,
Mandal Parishad Upper Prima..,"Talamadugu, Adilabad - 504312, Jhari",-87337469867,,
Mandal Parshad Public Schoo..,"Talamadugu, Adilabad - 504312, Saknapoor",-87330036024,,
Mandal Parshad Public Schoo..,"Talamadugu, Adilabad - 504312, Devapur",-87329561432,,
Mandal Parshad Public Schoo..,"Talamadugu, Adilabad - 504312, Lachampur",-87399455634,,
Mandal Parshad Public Schoo..,"Talamadugu, Adilabad - 504312, Arli",-87346992185,,
Zilla Parishad High School,"Talamadugu, Adilabad - 504312, Arli",-87382140024,,
Gnyana Jyothi Vidya Mandir,"Talamadugu, Adilabad - 504312, Arli",-87364978379,,
Sri Venkateswara Vidya Mand..,"Talamadugu, Adilabad - 504312",-87396241039,,
Vignan High School,"Gudihatnoor, Adilabad - 504308",-9447051502,,
Vasavi High School,"Gudihatnoor, Adilabad - 504308",-9918149101,,
Mahatma Gandhi Memorial Sch..,"Gudihatnur, Muthnoor (Sopan Rao) Road, Gudihatnoor, Adilabad - 504308, Near Primary Health Centre (Phc)",-9630964004,,
Zilla Parishad Secondary Sc..,"Indervelly, Pulaji Baba Road, Indervelli, Adilabad - 504346",-9457105997,,
Prathiba School,"Indervelli, Adilabad - 504346",-9485550300,,
Vignan Hs,"Bela, Adilabad - 504309",-9413962819,,
Vidyabhilash High School,"Bela, Adilabad - 504309",-9465286266,,
Zilla Parishad Secondary Sc..,"Shanthinagar, Bazarhathnoor, Dehgaon, Adilabad - 504304",-8992829683,,
Pragathi Shool,"Gudihatnoor, Adilabad - 504308",-9412964272,,
B P R School,"Echoda, Adilabad - 504307",-9841857323,,
K T School,"Echoda, Adilabad - 504307",-7370032227,,
Zilla Parishad High School,"Sirionda Entrence, Sirikonda,Sirikonda,Adilabad, Sirikonda, Adilabad - 504307",-8172661983,,
Mandal Parishad Primary Sch..,"Bazarhathnoor, Warthamanoor, Adilabad - 504307",-9695005657,,
Zilla Parishad Secondary Sc..,"Shampur, Adilabad - 504311",-9432681222,,
Samalas,"Kangutta, Adilabad - 504304",-9490636254,,
Siraj Junioor,"Boyawada, Utnoor, Ootnur, Adilabad - 504311",-9972087963,,
Chowdari Nagabhushan School,"Boath, Adilabad - 504304",-9437893027,,
Zp High School,"Boath, Adilabad - 504304, Velmal",-87532352144,,
Little Flower School,"Khanapur, Adilabad - 504203",-94955883,,
J Parshuram Pg Hm,"Sevadas Nagar, Utnoor, Gangapur Road, Ootnur, Adilabad - 504311",-8531026951,,
Saraswathi Gnana Vidyalayam,"Ootnur, Adilabad - 504311",-9462232329,,
Naveen Power143,"Boath Buzurg, Boath, Adilabad - 504304",-9194544546,,
Gangannapet Government Scho..,"Utnoor, Utnur Road, Ootnur, Adilabad - 504311",-8313435120,,
Zilla Parishad School,"Dhannur Buzurg, Adilabad - 504304",-8496911897,,
Jamia,"Mominpura, Adilabad District, Jainoor, Adilabad - 504313",-9411300353,,
Kranthi Hight School,"Mandamarri, Yapal, Mandapalli, Adilabad - 504203",-8088419702,,
Vivekanandha High School,"Sarangapur, Adilabad - 504110",-9636228323,,
Ekalavya Degree College (Co..,"Jam, Adilabad - 504110",-9912055932,,
Komal Book Stall,"Kerimeri, Kerimeri, Adilabad - 504313",-9749134510,,
Sri Vivekanandha Vidyalayam..,"Kanakapur, Adilabad - 504310",-9487483089,,
Zilla Parishad High School,"Chityal, Adilabad - 504306",-8967172604,,
Zilla Parishad Primary Scho..,"New Lingampelly, Adilabad - 504310",-9468754670,,
Bharthi Bhatha Vidyaniketan,"Khanapur, Adilabad - 504203",-87384770602,,
Holy Faith High School,"Vidyanagar, Khanapur, Adilabad - 504203",-8933544680,,
Raghavendra School,"Khanapur, Adilabad - 504203",-9933316240,,
Srujana High School .. Koth..,"Kuntala, Adilabad - 504109",-965330777,,
Shantiniketan Vidyalaya Nav..,"Lingapur, Adilabad - 504202",-9468897176,,
Pavan School,"Dilawarpur, Adilabad - 504306",-9417305576,,
Venkatesh Endapelly Ups,"Pedda Bellal, Adilabad - 504202",-9459110760,,
Mpps Perkapally,"Munnial, Adilabad - 504202",-9475219879,,
Mpps,"Mallapur, Adilabad - 504205",-8023998121,,
V Kids Campus International..,"Door No 1-3-149, Aindla Bheemireddy Nilayam, Adilabad - 504105, Near Water Tank & Hanuman Temple, Shastry Nagar, Nirmal",-9367205036,,
Raksha High School,"155 504109, 2155, Nh222, Kallur, Adilabad - 504109",-954404514,,
Old Primary School,"Pakpatla, Adilabad - 504105",-7691819218,,
Jayalaxmi English School,"Main Road Angadi Bazar Jannaram, Jannaram, ADILABAD - 504205",-8886857282,,
Svm High School,"3 3 7, Old Bazar Road, Nirmal, Bhainsa, Adilabad - 504103, Near Masjid",-8760077213,,
Yashoda Devi School,"Bhainsa, Adilabad - 504103",-9481792595,,
Pasha Kirana,"New Abadi, Bhainsa, Adilabad - 504103",-8399068038,http://www.pashakirana.in/,
Global Meadia English Meadi..,"Indranagar Colony, Wankidi Sirpur, Adilabad - 504295",-87334834337,,
Vasavi Spaes Schools,"Bhainsa, Adilabad - 504103",-8471219974,,
Ups Government,"Khamana, Adilabad - 504295",-8976073601,,
Sri Gouthami Model School,"Butty Gally, Bhainsa, ADILABAD - 504103, Near Bus Stand",-9018800490,,
Mpups School,"Dandepally, Lingapur, Adilabad - 504206",-9014210142,http://meodandepally.weebly.com/schools-information.html,
Ups School,"Kotha Mamidipelli, Adilabad - 504206",-9990900942,,
Anaji,"Edvalli, Adilabad - 504292",-991978312,,
bhashyam,"Ashta, Adilabad - 504101",-9964506570,,
Bhashyam Concept School,"Mudhole, Adilabad - 504102",-8732763486,,
Fatima Convent High School,"Teachers Lane,Eidga Colony Road,Kaghaznagar, Sirpur Kaghaznagar, Adilabad - 504296",-921976831,,
Qadrees Impact Accounting S..,"Sirpur Kaghaznagar, Adilabad - 504296",-9597429685,,
mVN,"1-21, Adilabad - 504296",-7756016320,,
Ravindar,"Basar, Adilabad - 504101",-9571862195,,
Arunodayaschool,"Telangana, Sirpur Kaghaznagar, Adilabad - 504296",-87310969118,,
Ms Talent School,"Bhatpalle, Adilabad - 504296",-9780925799,,
Zilla Parishad Primary Scho..,"Nambala, Adilabad - 504272",-9934178109,,
Zilla Parishad Secondary Sc..,"Bhatpalle, Adilabad - 504296",-9787240843,,
V I P School,"Village No.05, Uppidamangalam, Adilabad - 504296",-8679085239,,
Mpups,"Easgaon, Adilabad - 504296",-9758823175,,
Shiv Mandir,"Easgaon Village No.2, Easgaon, Adilabad - 504296",-9146448154,,
Zp High School,"Konchavelly, Beebra, Bibra, Adilabad - 504273",-7660113216,,
Mpps Beebra,"Konchavelly, Beebra, Bibra, Adilabad - 504273",-9314329175,,
Maynooth Post Primary Schoo..,"Venkatapur, Adilabad - 504273",-9925597371,,
Sri Chaitanya Degree Colleg..,"Kouthala, Kowthala, Adilabad - 504299",-994452904,,
Alphonsa Convent School,"Ramakrishnapur, Adilabad - 504301",-87338544140,,
Trisharan Upper Primary Sch..,"Gundaipeta, Gundaipet, Adilabad - 504299",-9959603231,,
Meganna Si,"Beejjru, Gudlabori, Adilabad - 504299",-8140420470,,
Chukka Ramaiah Spaes School,"Chunnam Batti Wada, Adilabad - 504302",-9689122158,,
Sri Abhinava Vidya Sadan Hi..,"Mancherial, Chunnam Batti Wada, Adilabad - 504302",-9991193251,,
Kerala Model School,"Krishna Colony, Naspur, Adilabad - 504302",-87390282656,,
St Theresa High School,"Naspur, Adilabad - 504302",-9481375057,,
Ox Ford High School,"Naspur, Adilabad - 504302",-9037625405,,
Blue Birds High School,"CCC Naspur, Coal Chemical Complex, Adilabad - 504302",-87391617222,,
ST Theresa High School,"CCC, Naspur Colony, Naspur, Adilabad - 504302",-9423812643,,
Krishnveni High School,"Seetharampally, Mancherial, Naspur, Adilabad - 504302",-7047885971,,
Bharathi High School,"CCC 'x' Road, Coal Chemical Complex, Adilabad - 504302",-9858506672,,
Sharadha Sishu Mandir Schoo..,"Rk 6 Colony, Srirampur Colony, Adilabad - 504303",-87389716281,,
Sharada Shishu Mandir High ..,"Srirampur Colony, Adilabad - 504303",,,
Ujwala Talent School,"Srirampur Colony, Adilabad - 504303",-9313387512,,
Siddarth Talent School,"Srirampur Colony, Adilabad - 504303",-9451453076,,
Sri Balaji Vidya Mandir Hig..,"Srirampur Colony, Adilabad - 504303",-9848112505,,
Art Ificial Intelligence Sc..,"Srirampur Colony, Adilabad - 504303",-87317264777,,
Kerala Model High  School,"Srirampur Colony, Adilabad - 504303, Krishna Colony",-9480745476,,
Blooming Buds School,"Kunchavelli, Kanchevelli, Adilabad - 504273",-8123458987,,
Masjid-E-Umar,"Rj Colony Road, Bejjur, Adilabad - 504299",-9674018808,,
Thagaram Rajesh World,"Beemaram, Bheemaram, Adilabad - 504204",-942481607,,
Shiva Mobiles,"Beemaram, Mancherialchennorjagdalpur Road, Bheemaram, Adilabad - 504204",-914358798,,
Ravindhra Model High School,"Kyathanpally, Adilabad - 504214",-9410714866,,
Mpups Kalmalpet,"Kalmalpet, Adilabad - 504214",-9657358643,,
Assisi School,"Bhamraopet, Chinnoor, Adilabad - 504201",-9158066779,,
Santmanavdayal High School,"Bamni Tq-Sironcha, Adilabad - 504214",-87345756055,,
Jvnr Vidya Nikethan High Sc..,"Shanti Nagar, Nirmal - 504106, Sponsored By Exhibition Society (Also serves ADILABAD)",-87382421690,,
Vasavi Spaes School,"Divya Nagar, Nirmal - 504106 (Also serves ADILABAD)",-8331607695,,
Central Public School,"Main Road, Adityapur, Jamshedpur - 831013",-65757840751,http://www.cpsjamshedpur.com,info@cpsjamshedpur.com
Gayatri Shiksha Niketan Hig..,"Number 4, Aditypur 1, Raydih, Road, Adityapur, Jamshedpur - 831013",-65756201518,http://gsnschool.com/,gsnadityapur@gmail.com
Pathshala,"Ground Floor, Shaligram Enclave, Adityapur, Jamshedpur - 831013, Near Sarita Takies & Next Line Of Sanjivini Nurshing Home",-65768462776,http://www.kidspathshala.in,gsnadityapur@gmail.com
Sri Ram English High School..,"Lic Colony, Adityapur, Jamshedpur - 831013",-65765699355,,
Victoria School,"Road No-4, Adityapur, Jamshedpur - 831013",-65717133787,,
Little Flower Nursury Schoo..,"Kandra Hwy, Dindli Basti, Adityapur, Jamshedpur - 831013",-9986293206,,
Dindli Kanya Middle School,"Panla Bazaar, Adityapur, Jamshedpur - 831013, Near Perfect Coaching Centre",-65792867699,,
Little Sprouts Fun play lea..,"H.No. 77, B-Block, Kagalnagar Nagar Colony, Sonari, Jamshedpur - 831011, Beside Sonari Gurudwara",-9185063569,http://www.littlesprouts.co.in,webmaster@littlesprouts.co.in
Kinder Joy Play School,"Dev Shanti Building, Road No. 5, Dimna Road, Jamshedpur - 831012",-8795890373,,
R N Foundation Little Heart..,"Kedo , Narwapahar, East Singhbhum, Jamshedpur - 831010, Near Sundarnagar",-9182347893,http://lhsjsr.com,
Kids Garden Chetna Classes,"Corporation Building, Mango, Dimna Road, Jamshedpur - 831012, Near Dimna Chowk",-9157100215,,
Sheyn International School,"Campus No 1 , Road No. 15, Jawahar Nagar, Mango, Jamshedpur - 831012, Infront Of Big Bazar",-9196525391,http://www.sheyninternational.com,
Colony Primary School,"Kharswan Road, Adityapur, Jamshedpur - 831013, Near State Bank Of India",-6572366067,,
Silver Kids,"Dindli Basti, Adityapur, Jamshedpur - 831013",-9477157701,,
Kids Wonder Play School,"831013, Naginapuri, Dindli Basti, Adityapur, Jamshedpur - 831013",-7286585242,,
The Arc School,"Adityapur, Jamshedpur - 831013, Besides Government Polytechnic",-65716431350,http://www.thearcschool.com,
Kids Park Playway School,"Near Ground,, Road No 7,Near Kali Mandir, Adityapur, Jamshedpur - 831013, Near Kali Mandir",-7912836061,,
Swami Vivekanand Public Sch..,"sidhu kanmu chowk, nirudi,sitarampur, Adityapur, Jamshedpur - 831013, near sita rampur dam",-706667224,,
INDIAN PUBLIC SCHOOL,"INDIAN PUBLIC SCHOOL, Kolabira,Seraikela Kharsawan, Jamshedpur - 831013, Near Rama Krishna Forgings Ltd Plant V",-8042267721,,
Planet Kids,"Victoria Memorial High School, Adityapur, Jamshedpur - 831013, Near Sarikela Kharswa",-65797251040,,
Jhantu Mudi,"Krishnapur Industrial Area, Adityapur, Jamshedpur - 831013",-8866118073,,
D A V Public School,"Road No 4, Bistupur, Jamshedpur - 831001, In Contractors Area",-6575997559,http://www.davbistupur.org,dav.bistupur@gmail.com
ST Marys English High Schoo..,"Kharkai Link Road, Bistupur, Jamshedpur - 831001",-65769239380,http://www.stmarysalumni.com http://www.stmarysjamshedpur.in/,dav.bistupur@gmail.com
Sri Krishna Public School,"O C Road, Bistupur, Bistupur, Jamshedpur - 831001",-65711766659,http://www.skpsjamshedpur.com http://www.srikrishnapublicschooljsr.com/,dav.bistupur@gmail.com
Jusco English Medium School,"Bistupur, Jamshedpur - 831001, South Park",-65724643634,http://www.jemfoundation.in,jiju.thomas@tatasteel.com
Chinmaya Vidyalaya,"South Park, Bistupur, Jamshedpur - 831001, Near Kanti Lal Hospital",-65780000202,,
St Marry Hindi School,"Bistupur,Jamshedpur,, Bistupur, Jamshedpur - 831001",-65749691555,,
Ramakrishna Mission School,"Bistupur, Jamshedpur - 831001",-65738436259,http://www.rkmjamshedpur.org,123345182@N04
River View English School,"5, New Rani Kudar, Kadma, Jamshedpur - 831005, Near State Bank Of India ATM",-65756120571,,
A D L Society High School,"New Rani Kudar, Bistupur, Jamshedpur - 831001",-65767956842,,
Mrs. Kmpm High School,"L Road, Bistupur, Jamshedpur - 831001, Beside Madrasi Sammelani",-65799005585,,
D A V Public School,"N I T Campus,, Rit, Jamshedpur - 831014",-6574077644,http://www.davbistupur.org,dav.bistupur@gmail.com
ST Johns High School,"Purba Singhbhum, Jugsalai, Jamshedpur - 831006",-65711850407,,
Al-Ali Mahin Academy,"New Babu Flat, M. P. Road, Millat Nagar, Jamhsedpur, Jugsalai, Jamshedpur - 831006",-8579586155,,
Ram Krishna Mission School,"Bistupur,Jamshedpur,, Bistupur, Jamshedpur - 831001",-65769957641,,
Daisy Garden English High S..,"M E School Road, Jugsalai, Jamshedpur - 831006, Near Rajasthan Seva Sadan Hospital",-9243759177,,
Study Circle,"Bistupur, Jamshedpur - 831001",-65728148828,,
Sardar Madho Singh Memorial..,"Kadma Road, Bistupur, Jamshedpur - 831001, Near Jusco English Medium School",-65757605544,,
Xaviers English School,"Gauri Shankar Road, Jugsalai, Jamshedpur - 831006",-9252385870,http://xaviers-school.com/,webmaster@xaviers-school.com
Middle School,"Jamdih Alias Baruda, T/Cat-Aganbari Centre, East/Singhbhum, Sakchi, Bistupur, Jamshedpur - 831001",-65715583959,,
SS Gujarati Middle School,"Oc Road, Bistupur, Jamshedpur - 831001, Behind Ram Mandir",-65782838769,,
Little Stars Playschool,"D, B Decosta Road, Jugsalai, Jamshedpur - 831006, Near Ashoka Industries",-65749295464,,
Smart Kid,"3/1, c block, nirode apartment, L road, Bistupur, Jamshedpur - 831001, Next to Madrasi Sammelani",-9832021534,,
All Sufa English School,"Gharib Nawaz Colony, Mahtopara, Jugsalai, Jamshedpur - 831006",-909855432,,
Step 2 Nursery,"Surti Chowk, Jugsalai, Jamshedpur - 831006",-9387287208,,
Sir Sayed English School,"Pb Road, Jugsalai, Jugsalai, Jamshedpur - 831006, Near State Bank Of India",-65716194337,,
GRD English School,"Gurudwara Complex, G S Road, Jugsalai, Jamshedpur - 831006, Near Gaurisankar road",-65756050420,,
Jugsalai Urdu High School,"Gaurishankar Road, Jugsalai, Bistupur, Jamshedpur - 831001",-65728448793,,
Taurian Worlds School,"Bistupur, Jamshedpur - 831001",-931673056,http://www.tws.edu.in,recruitment@tws.edu.in
Gurukul School For Excellen..,"Number 3, River View Colony, Barodaghat, Bagbera Colony, Road, Bagbera, Jamshedpur - 831002",-65710182694,,
Balak Madhya Vidhyalay,"M.E School Road, Jugsalai, Jamshedpur - 831006, Near Rajasthan Seva Sadan",-9739480690,,
Gol Ghar School,"Millatnagar, Jugsalai, Jamshedpur - 831006",-7961902098,,
Ram Chandra Singh High Scho..,"Gurudwara Road, Mango, Bistupur, Jamshedpur - 831001",-65770901062,,
Manick Homi High School,"Chuna Shah Colony, Cross Road, Bistupur, Jamshedpur - 831001",-65794763516,,
Edens English High School,"Zone No 1, Birsanagar Telco Colony, Bistupur, Jamshedpur - 831001",-65761249023,,
Eadens English High School,"Q Road, Bistupur, Bistupur, Jamshedpur - 831001",-65736452369,,
Angela School,"6, Ramkrishna Colony, Cross Road, Bistupur, Jamshedpur - 831001",-65715115379,,
PVS Cosmopolitan School,"Pvs Complex, South Park Road, Bistupur, Jamshedpur - 831001",-9831076577,,
Mr Kabiria Urdu Middle Scho..,"Road No 10 Zakir Nagar Mango Bistupur, Bistupur, Jamshedpur - 831001",-65718341592,,
Srikrishna Public School,"Bistupur, Bistupur, Jamshedpur - 831001",-65719612253,,
SB Singh Memorial Middle Sc..,"Oc Road, Bistupur, Jamshedpur - 831001, Near Millenium Tower",-65717322822,,
ST Marys English School,"Jme Building, L Road, Bistupur, Jamshedpur - 831001, Near Akshay Medicals",-65715859145,,
D G Garden English School,"Jugsalai,Jamshedpur,, Jugsalai, Jamshedpur - 831006",-65721762035,,
St Johns High School,"Jugsalai, Jugsalai, Jamshedpur - 831006",-65794760866,,
Middle School Bajar Tolaj,"Naya Basti, Haludpukur, Jamshedpur - 831002, Near Bagbera Police Station",,,
Loyola School,"Bistupur, Jamshedpur - 831001",-65790898153,http://www.loyola.edu.in,
Rajendra Vidyalaya,"Sakchi,, Sakchi, Jamshedpur - 831001",-65726331757,http://www.rvjsr.com http://www.rvjsr.in/,
Carmel Junior College,"Sonari, Jamshedpur - 831011, Near Balvihar & Sonary Gurudwara",,http://www.carmeljuniorcollege.com,
Sacred Heart Convent School,"Park Road, Northern Town, Jamshedpur - 831001, Northern Town",-65723501178,http://www.shcjsr.org,
D B M S English School,"Kadma, Jamshedpur - 831005, B H Area",-65797779618,http://dbms.edu.in/index.php/alumni/contact-association,
J H Tarapore School,"Straight Mile Road, Dhatkidih, Jamshedpur - 831001, Dhatkidih",-65735073394,http://www.jhtaraporeschool.com,
D B M S Kadma High School,"Road No 23, Farm Area, Kadma, Jamshedpur - 831005, Near Rankini Mandir",-65712170785,http://www.dbmskhs.org http://www.dbmskhs.in/,
Beldih Church School,"Beldih Traingle, Northern Town, Jamshedpur - 831001, Beside Beldih Church",-65782274864,http://www.churchschoolbeldih.in,
Kerala Public School,"Kadma, Jamshedpur - 831005, Near Uliyan",-65768845337,http://www.keralapublicschooltrust.com http://kadma.keralapublicschooltrust.com/,
Mount Litera ZEE School,"N H 33, Pardhi Chowk, Dhatkidih, Jamshedpur - 831001, Nr City Inn Hotel",-65710574497,http://www.mountlitera.com,franchise@zeelearn.com
Mount Litera Zee School,"N H 33, Pardhi Chowk, Dhatkidih, Jamshedpur - 831001, Near City Inn Hotel",-65756335235,http://www.mountlitera.com http://mlzsjamshedpur.com/,franchise@zeelearn.com
Dayanand Public School,"Tapti Road, Sakchi, Jamshedpur - 831001, Near Utkal Association",-65758419813,http://www.dayanandpublicschool.edu.in,dayanandpublicschool1989@gmail.com
Baldwin Farm Area High Scho..,"Oposit Kadma Market, Kadma, Jamshedpur - 831005, Farm Area",-65788993073,http://www.baldwinsociety.in,dayanandpublicschool1989@gmail.com
Narbheram Hansraj English S..,"Kharkai Link Road, Bistupur, Jamshedpur - 831001",-65721675401,http://www.nhes.ac.in,Career@NHES
Rms High School,"Khutadih, Sonari, Jamshedpur - 831011, Near Wireless Office",-65798972741,http://rmskhutadih.org,Career@NHES
Saraswati Shishu Vidya Mand..,"Tatanagar, Jamshedpur - 831002, Bagbera, Jugsalai",-65769800533,,
Adl Sunshine English School,"Sakchi,Jamshedpur,, Sakchi, Jamshedpur - 831001, Beside Karim City College",-65722525887,,
Andhra Association English ..,"Road No 1, B H Area, Kadma, Jamshedpur - 831005, Near Ganesh Puja Maidan",-6573834303,,
Akshar International School,"481, G Road West Layout, Sonari, Jamshedpur - 831011",-65788073033,,
H M Central Karimia High Sc..,"2 Section Karim Mansion Sakchi, Sakchi, Jamshedpur - 831001, sakchi post office",-65774120468,,
Motilal Nehru Public School,"Pipe Line Road, Bistupur, Jamshedpur - 831001, Near Rajendra Vidyalaya",-65769345080,http://www.mnps.in,mnps_mnps@yahoo.co.in
DAV Girls High School,"Near Ram Mandir, Balikela Road, Sonari, Jamshedpur - 831011, Near Sonari Water Tank",-65749059582,,
Kendriya Vidyalaya,"South Settlement Railway Engineering Colony, Tatanagar, Jamshedpur - 831002, Near Railway Station",-65727833132,http://www.kvsurda.nic.in,
Study Circle,"Link Road, Sonari, Jamshedpur - 831011, Near Airport",-9128542122,,
SHEYN International School,"Corporate Office, No.2, C H Area (North), Circuit House, Jamshedpur - 831001, Near Petrol Pump",-65749222726,http://WWW.sheyninternationalschool.com,info@sheyninternationalschool.com
RP Patel High School,"Kumar Chowk, Jugsalai, Jamshedpur - 831006",-998874634,,
Greenfield Sanskarshala Jam..,"H No. 5, A Road, Kadma, Jamshedpur - 831005, Anil Surpath",-9386445633,,
Hill Top English School,"Number 1, Bagbera Colony, Road, Bagbera, Jamshedpur - 831002",-9234407906,http://www.hilltopschooljamshedpur.org/,-hilltopschool@rediffmail.com
Kidzee,"Sakchi, Jamshedpur - 831001",-9268619688,http://www.kidzee.com,-hilltopschool@rediffmail.com
Shri Devasthan G Hansraj Go..,"Shiv Mandir Campus, Barmamines,, Burma Mines, Jamshedpur - 831007",-6574710628,,
Shemrock Playway,"Holding No. 544, New Layout Sonari P.O., Jamshedpur, Road, Number 8, Sonari, Jamshedpur - 831011",-65766222993,http://www.shemrock.com/shemrock-playway-singhbhum-jharkhand http://https://www.shemrock.com/shemrock-playway-singhbhum-jharkhand,
Bharat Sevashram Sangha Pra..,"Main Road, Sonari, Jamshedpur - 831011",-65721300365,http://www.bsspvmhsonari.com,
D.m. Madan High School,"J Road, Bistupur, Jamshedpur - 831001, Near Natraj Building",-65731788540,,
Kidzee,"13, Circuit House Area, Bistupur, Jamshedpur - 831001",-65796221384,http://www.kidzee.com,
Jingle Bells Play School,"Jingle Bells  Play School, Sonari, Jamshedpur - 831011, Masjid Road",-9157112790,,
Sakchi Girls High School,"Sakchi, Jamshedpur - 831001",,,
Kidzee Greenearth,"Green Earth Plot Number 502, K Road, Sonari, Jamshedpur - 831011, Near G  Road West Layout",-65717065525,http://www.kidzee.com,
St. Anthonys High School,"17 A, Khasmahal, Tatanagar, Jamshedpur - 831002",-65797327006,,
Jamshedpur School Of Art,"Bistupur,, Bistupur,, Sakchi, Jamshedpur - 831001",-65715995193,,
Global Kids,"120, Sanjay Road, Sakchi, Jamshedpur - 831001",-9449257018,,
Lajpat Public School,"New Kalimati Road, Sakchi, Jamshedpur - 831001, Near Howrah Bridge",-65793870213,,
Hindustan Mitra Mandal Midd..,"10, Singhbhum Road, Golmuri, Sakchi, Jamshedpur - 831001, Near Central Bank Of India",-65773229951,,
Dbms Girls High School,"Road No.7, Kadma, Jamshedpur - 831005, B H Area",-65724543914,http://www.dbmskhs.org,
Rajendra Primary School,"Colony, Jugsalai, Bagbera, Jamshedpur - 831002",-9849497418,,
Harijan High School,"Bhalubasa Basti, Singhbhum, Bhalubasa, Jamshedpur - 831001, Near Abhinandan Sweet Shop",-65768844555,,
Bachpan Play School,"10, West Layout, Sonari, Jamshedpur - 831011, Near Bharat Sevashram",-65726656459,,
Kadma Boys High School,"Kadma Main Rd,, Kadma, Jamshedpur - 831005, Nr Rankini Mandir",-65761992394,,
Model English High School,"Hakim Line, Kitadih, Tatanagar, Tatanagar, Jamshedpur - 831002, Near Kitadih Sub Post Office",-65725096112,,
D N Kamani High School,"Bistupur Kharkai Link Road, Bistupur, Jamshedpur - 831001",-65716890752,http://dnkamanihighschool.com/,info@dnkamanihighschool.com
Bargidih,"Dhowadungri, Adityapur, 831014, Assangi, R I T Jamshedpur, Jamshedpur - 831014",-829553424,,
Jawahar Navodaya Vidyalayas,"S.p Kothi Road P.o Daxin Bahal, Dist Jamtara, Jamshedpur - 831001",-65711157174,http://www.jnvjamtara.org,
Ssge School,"School Road, Sakchi, Jamshedpur - 831001, Opposite Man Sarovar Hotel",-65752321445,,
S D Adarsh Vidyalaya,"Pandey Bhawan, Station Road, Tatanagar, Jamshedpur - 831002, Near Of Hanuman Mandir",-65774082681,,
Gurunank Mission School,"Station Road, Jugsalai, Jamshedpur - 831006, Gurudwara Building",-65780425524,,
Sister Nivedita Girls Schoo..,"Burmamines,Jamshedpur,, Burma Mines, Jamshedpur - 831007",-6578205904,,
Ballview School,"Ashok Road, Jamshedpur - 831004",-65740092026,,
Karimia School Of Languages,"Karim Mansion, Sakchi, Jamshedpur - 831001",-65785989780,,
Sarswati Middle and High Sc..,"D.B Rd, Bagbera Colony, Jugsalai, Jharkhand, D.B Rd, Bagbera Colony, Jugsalai,Jamshedpur, Bagbera, Jamshedpur - 831002",-8221419470,,
Ucmas,"74b, Air Base Colony, Ramnagar, Uliyan, Jamshedpur - 831005",-65712123166,http://ucmas.in/,username@example.com
Education Dept. Of Jusco,"Jusco Building, Northern Town, Jamshedpur - 831001, Northern Town",-65731253936,,
Tree House Play Group,"30, A Block, Sonari East, Sonari, Jamshedpur - 831011",-9279261935,http://www.treehouseplaygroup.net/,treehousefranchisee@gmail.com
Urdu Primary School,"Potka Road, Haldipokhar, Bistupur, Jamshedpur - 831001, Near Union Bank Of India",-65773195197,,
Bharat Sevashram Sang Prana..,"Bharat Sevashram Campus, Sonari, Jamshedpur - 831011, Near By Kagal Nagar",-6573810288,,
Pramasha School,"3c, Jhanki Appartment, Inner Circle Road, Bistupur, Jamshedpur - 831001",-65785449418,,
Krishna International Play ..,"Ganesh Nagar, Bagbera Colony, Jugsalai, Bagbera Colony, Jamshedpur - 831002",-8276998529,,
Bachpan Pre-school,"Road, Number 1, Bagbera Colony, Jugsalai, Jamshedpur - 831006",-9185801730,http://www.bachpanglobal.com/,
Kids Coaching Centre,"Bharati  Vidyalaya Complex, Road Number -4, Farm Area, Kadma, Jamshedpur - 831005, Next to BSNL Telephone Exchange Office",-9765666169,,
Vignan School & Junior Coll..,"Hotel Boulevard, Room No.16, Main Road, Bistupur, Jamshedpur - 831001, Opp. Kmpm Inter College",-9872008164,,
Satya Narayan Mandi,"Dhatkidih Ground 1, Straight Mile Road, Dhatkidih, Jamshedpur - 831001",-7570362846,,
Eligent School,"House no-6, Airways Colony,Road-A, Kadma, Jamshedpur - 831005, Near Gita Bhawan",-8063750302,,
Techno Kids,"Contractors Area,, Bistupur, Jamshedpur - 831001, Opp Gopal Maidan",-65714727608,,
Upgraded Primary School,"Shiv Nagar Road, Bhatia Basti, Kadma, Kadma, Jamshedpur - 831005, Near Hanuman Temple",-65799387846,,
Lilliputs Nursery School,"No.29, Jamshedpur - 831005, Air Base Colony",-65733554225,,
Kedgy Kiddies,"17, Bharati Vidyalaya Complex,, Kadma, Jamshedpur - 831005, Behind Telephone Exchange",-65744970696,,
Sun Rise Play School,"Asha Singh, D/O. Sri Ram Sakal Singh, Block No.140/2/1, No.4, Po.Tatanagar Thana, Bagbera , Bagbera, Road, Jamshedpur - 831002",-9961313929,,
Kabiriya Urdu,"Dhatkidih, Jamshedpur - 831001",,,
Se Mixed High School,"Tata Nagar Road, Bagbera, Jamshedpur - 831002, Near Unnati Enterprises",-65753482571,,
Tiny Tot English High Schoo..,"Bagbera Colony, Tatanagar, Jamshedpur - 831002",-7399728257,,
Infant Jesus School,"Ryan Tower, Bhatia Basti, Jamshedpur - 831005",-8243090502,,
Sunshine kid world school,"68/2/4, Road No - 2, Bagbera, Jamshedpur - 831002, Ganesha Puja Maiden",-7726162590,,
William Shakespeare School,"3/A, Gurunanak Nagar,, Sakchi, Jamshedpur - 831001",-65784098953,,
Ms K M P M Ocassional Colle..,"j road, Bistupur, Jamshedpur - 831001, Beside Reliance Jewellery Show Room",-65722597635,,
Rose Bud English School,"Jamshedpur City, Jamshedpur - 831001",-9412658642,,
Upgraded Middle School,"Parsudih Road, Haludbani, Jamshedpur - 831001, Near Ram Temple",-65742828231,,
Gel Church Middle School,"Kitadih Road, Sitaramdera, Jamshedpur - 831001, Near Gel Church",-65749062063,,
Haldipokhar Hindi Middle Sc..,"Singhbhum Road, Haldipokhar, Jamshedpur - 831001, Near Shiva Temple",-65722764929,,
The Vivekananda English Sch..,"Ramkrishna Mission Vivekanand Society, L Road, Bistupur, Jamshedpur - 831001",-65779023148,,
Hitku Middle School,"Hitku Village, Singhbhum, Jamshedpur - 832108, Near Hanuman Temple",-65790060973,,
Balika Middle School,"Vill-Haldipokhar,, Vill-Haldipokhar,, Tatanagar, Jamshedpur - 831002",-65779155549,,
Primary School Krischantola..,"Vill-Kalimati,, Vill-Kalimati,, Tatanagar, Jamshedpur - 831002",-65719376803,,
Little Hearts,"Ashirwad's Outer Circle Road South Park, Jamshedpur - 831002",-65770050984,,
Pitamber Baskey,"595,bairjhabra basti,christanpara, Sonari, Jamshedpur - 831011",-8290574225,,
Ddum High School,"33, Tata Hata Road, Khasmahal, Tatanagar, Jamshedpur - 831002, Near Canara Bank",-65780610174,,
Hmadl Society Schools,"Kalimati Road, Sakchi, Jamshedpur - 831001, Beside Karim City College",-6572953336,,
Vinayam Pre Cacademy,"Sonari, Jamshedpur - 831011",-65797269014,,
Tha Srikarishna Public Scho..,"Bistupur Outer Circle House, Circuit House, Jamshedpur - 831001",-65720484133,,
Balichela High School,"RMS high balchela, Dispensary Road, Sonari, Jamshedpur - 831011, Near Sonari Tisco Dispensary",-65719798881,,
Khalsa Middle School,"Purvi Singhbhum, Burmamines, Burma Mines, Jamshedpur - 831007, Near BSNL Telephone Exchange",-65769828779,,
EU Middle School,"East Plan Basti, Burma Mines, Tatanagar, Jamshedpur - 831002, Near Burma Mines Police Station",-65788354310,,
Rainbow Play School,"Plot No.233, Road No.6, Sonari, Jamshedpur - 831011, Sonary West Layout",-65762261870,,
Kiddies Corner,"147, Ambagan Road, Sakchi, Jamshedpur - 831001",-921140990,,
Ghorabandha S N M M E Schoo..,"S N M M English School, Ghoranbandha, Sakchi, Jamshedpur - 831001",-65792167001,,
Ncb School,"Kalimati Road, Sakchi, Jamshedpur - 831001",-9769144480,,
Kids Hard School,"Sakchi, Jamshedpur - 831001",-7212363347,,
V N Vidyalaya,"Sakchi, Jamshedpur - 831001",-8290288326,,
Adarsh Vidya Niketan High S..,"Chhotagouindpur Close ACC To Roma JEE Sakchi, Sakchi, Jamshedpur - 831001",-65744085752,,
Sakchi Middle School,"Sakchi Market Road, Sakchi, Jamshedpur - 831001",-65791000018,,
Swami Vivekanand Public Sch..,"Nagar Dungri, Gamharia, Jamshedpur - 831014",-9235084394,,
Asha Society,"Lakshimi nagar, Burma Mines, Jamshedpur - 831007",-8057120726,,
Regional Public School,"Sarjamda, Bandh Tola, Parsudih, Jamshedpur - 831002, Near Shiv Mandir",-65734198847,,
Uums Urdu Government Middle..,"Makdampur Road, Tatanagar, Tatanagar, Jamshedpur - 831002, Near Parsudih Police Station",-65740782504,,
Urdu Balika Middle School,"Potka Road, Haldipokhar, Sakchi, Jamshedpur - 831001, Near State Bank Of India",-65738086620,,
Bharatiya Model Middle Scho..,"Tapti Road, Sakchi, Sakchi, Jamshedpur - 831001, Near State Bank Of India",-6571246182,,
Kerala Samajan Model School,"Sakchi,, Sakchi, Jamshedpur - 831001, Nr Sakchi Jain Bhawan",-65760128744,http://www.ksms.ac.in,info@ksms.ac.in
Kasidih High School,"Pennar Road, Sakchi, Jamshedpur - 831001, Near",-65791401742,,
Nml Kerala Public School,"Agrico Colony, Bhuiyadih, Agrico Area, Agrico Link Road, Agrico, Jamshedpur - 831009",-65786939070,http://nml.keralapublicschooltrust.com/,kpsnml@yahoo.co.in
Tarapore School,"Road No 3, Agrico, Jamshedpur - 831009",-65718578479,http://www.taraporeschool.com,kpsnml@yahoo.co.in
Netaji Subhash Public Schoo..,"Parsudih, Jamshedpur - 831002",-65796133859,http://www.nsps.in/,kpsnml@yahoo.co.in
St Joseph School,"Golmuri,, Golmuri, Jamshedpur - 831003",-65738110252,,
Blue Bells English High Sch..,"Dimna Road, Mango, Jamshedpur - 831012",-65745260047,,
The Morning Bells Internati..,"M.B.I.S, Road No: 07 - Bagan Shahi, Jawaharnagar, Jamshedpur - 831012, Beside Shahi Club",-9776915386,,
Blue Bells English Medium S..,"Dimna Road Mango, Dimna Road, Jamshedpur - 831012",-65729594373,,
Gurunanak High School,"Gurudwara Complex, Sakchi, Jamshedpur - 831001, Infront Of  Sakchi Gurudwara",-65785125723,,
W. John Multipurpose Boardi..,"Piska Nagri,, Jamshedpur - 831001, Jamshedpur",-65726041219,http://wjohnschool.org.in/,info@wjohnschool.org.in
ST. Roberts High School,"12, Parsudih,Jamshedpur, Parsudih, Jamshedpur - 831002, Near Tata Nagar Railway Station",-65771494214,,
Shyama Prasad High School,"S P College Road, Pramath Nagar, Parsudih, Jamshedpur - 831002",-902637268,,
Kids Villa Play School,"H. NO. 1 , G.T.B.N. , Shiv Singh Bagan , Post Office Road , Agrico , Jamshedpur- 831009, Panchwati Nagar, Before Hill View Colony , Near S.B.I. ATM , Dimna Chowk , Mango , Jamshedpur- 83101, Mango, Jamshedpur - 831012",-9138051321,,
Bal Vikash Vidya Mandir  Hi..,"Patel Nagar, Slag Road, Agrico, Jamshedpur - 831009, Near Nitibagh Colony, Bhuiyadih",-65753243083,,
D A V Public School,"Beside Bhalubasa Slag Road, Slag Road, Agrico, Jamshedpur - 831009, Nite Bag  ColonyNear Patel Nagar",-65760151091,,
Gamharia English School,"Gamharia, Main Road, Bagun Nagar, Jamshedpur - 831009, Petrol Pump",-65729672745,,
Peoples Academy Model High ..,"Telephone Exchange Road, Baradwari, Jamshedpur - 831001",-9819066941,,
Merry English School,"Kapali, Mango, Jamshedpur - 831012",-9493225358,http://www.merryenglishschool.com,
Holy Cross Montessori Schoo..,"Pramath Nagar Main Road, Parsudih, Jamshedpur - 831002",-8054040787,,
Middle School Namotola,"Uparkulitola, Parsudih, Jamshedpur - 831002",-9074956322,,
B F English School,"Shivmandir Road, Parsudih, Haludbani, Jamshedpur - 831002, Near Haludbani Post Office",-9225957272,,
Kids Planet,"Adivassi Association Road, Agrico, Jamshedpur - 831009, Sitaramdera",-9342998631,http://www.kidzee.com,
D S M School,"Thakur Payara Singh Road, Kasidih, Jamshedpur - 831001",-65781329286,http://www.dsmsfe.in,dsmschooljsr@gmail.com
South Point School,"Gobargsusi Patamba, Dimna Road, Mango, Jamshedpur - 831012",-65784527018,,
Tinplate Christian Club Mid..,"Kadani Road, Golmuri, Golmuri, Jamshedpur - 831003, Near Tinplate Industries",-65763129385,,
Bms High School,"Chholagora Main Road, Parsudih, Haludbani, Jamshedpur - 831002",-9089871681,,
Sagar Middle School,"Nimdih, Gamharia, Jamshedpur - 831014, Near Gamharia Railway Station",-7726545499,,
Vidya Niketan,"Residential School, Haludbani, Namotala, Parsudih, Jamshedpur - 831002, Near 1 Km From Shyam Talkies",-65710952155,,
Kids National Play School,"Kids National Play School, Old Puruliya Road, Mango, Jamshedpur - 831012, Opp Azad Marriage Hall",-7512591925,http://www.knps.in,
Symbiosis Public School,"Mango,Jamshedpur,, Mango, Jamshedpur - 831012",-657956006,,
Maple Mount International S..,"Dhirajganj, Gamharia, Jamshedpur - 832108",-8394251869,,
Good Shepherd School,"Jawahar Nagar, Mango, Jamshedpur - 831012",-9713356439,,
Eurokids Sonari,"Bunglow No. A/ 01, Aashiana Garden, Sonari, Jamshedpur - 831011",-993342776,http://www.eurokidsindia.com/,Speak@Eurokids
New Xaviers High School,"7, Development Area, Golmuri, Jamshedpur - 831003",-65772172752,,
Jaipal Singh Munda Institut..,"Sarjamtoli, Jamshedpur - 831002",-8919060501,,
Kidz Villa Play School,"Ishan Complex, H.No- 1, Shiv Singh Bagan, Agrico, Jamshedpur - 831009, Infront Of Agrico Post Office",-7261492886,,
Alliance Public School,"Parsudih Market, Jamuna Complex, Parsudih, Jamshedpur - 831002",-7351720043,,
Doon Kids,"104 A, SAI Jambu Tower, Bhalubasa, Agrico, Jamshedpur - 831009",-65763985122,http://www.doonkids.com,
Public Welfare Urdu High Sc..,"Azad Nagar Mango, Mango, Jamshedpur - 831012",-65725524370,,
R N R S Rosy Public School,"Kailash LAL Baba Foundary Road, Cable Township, Jamshedpur - 831003, Behind Traffic School",-9267438532,,
Kids Planet School,"New Sitaram Dera, Adivasi Association Road, Bhalubasa, Jamshedpur - 831009",-65796949029,,
S.r.d. Public School,"Old Purulia Road, Mango, Jamshedpur - 831012, Near Assu Bhawan",-9816900771,,
Karimia Muslim High School,"Bhalubasa Basti, Agrico, Jamshedpur - 831009, Near Sitala Mandir",-65794358602,,
Jawahar Navodaya Vidyalayas,"Dhankunda,P.o Bara Simra Dist Gumla, Gurunanak Nagar-Sakchi, Jamshedpur - 831001",-65723315186,,
Rama Krishna Mission School,"H F C, Sidhgora, Jamshedpur - 831009",-6576948165,,
Rising Sun English School,"C/O Campus : C.p.samity Middle School, Garhabasa Cable Basti, Golmuri, Jamshedpur - 831003",-65746575843,,
Madarsa Faizul Ulum,"Madarsa Building, Dhatkidih Tank Raod, Dhatkidih, Jamshedpur - 831001, Beside Tarapore School",-65772387844,,
A J K High School Maidan,"New ., Ulidih, Mango, Jharkhand 831001, Mango, Jamshedpur - 831012",-7043064225,,
Sarvoday High School,"Gurudwara Road, Sarjamda, Jamshedpur - 831002, Near Shiv Mandir Road",-8788695300,,
Vidya Jyoti Tinplate High S..,"No-10 Basti Golmuri Sukhina Road, Golmuri, Jamshedpur - 831003",-65778468894,,
The Michel John Girls High ..,"Tinplate Jsr, Golmuri, Golmuri, Jamshedpur - 831003",-65748549310,,
Little Harvard,"15/A, S.n.p.area, Aambagan, Sakchi, Jamshedpur - 831001, Opp. Big Bite Bakery",-65752733932,,
ICSE & CBSE Computer Tutori..,"O 16, Shiv Ganga Appartment, O Block, Sonari, Jamshedpur - 831011, Near Carmel School",-65791648427,http://www.amitabh.sir.ki.classes.org.in,
Bubbles Hi-Kids School (Pre..,"AC-16B, 11TH PHASE, Sonari, Jamshedpur - 831011, ADARSH NAGAR",-65791856063,,
Bal Bharati Uccha Vidyalaya,"Kasidih, Jamshedpur - 831001, Nh-33, Kasidih, Golkata",-9265891197,,
Shri Devstha Hansraj Goyal ..,"Shiv Temple Road, Burma Mines, Jamshedpur - 831007, Near Trf Factory",-65733066133,,
Krishna Sharma,"Road, Number 6, Bajrangi Bagan, Lakshimi Nagar, Bagbera Colony, Burma Mines, Jamshedpur - 831007",-7273215577,,
Om Sai Decorative And Craft..,"Om Sai Decorative and Craft Center, Parsudih, Jamshedpur - 831002",-8742607390,,
Modern Nursery School,"Punjabi Refugee Colony, Golmuri, Jamshedpur - 831003",-65762698378,,
S P G Mission Primary Schoo..,"St.Timothy's Church, Tuiladungri, Road, Golmuri, Jamshedpur - 831003, Guru Dwara",-99154931,,
Adarsh Bakshi Middle School,"17/L 4-13 Golmuri, Golmuri, Jamshedpur - 831003",-65756079863,,
Kidz Kingdom A Play School,"Bajrangi Bagan, Jamco, Telco, Jamshedpur - 831004, Near Bhagat Singh Statue",-9820716886,,
Jeevan Jyoti Svhool,"Sankat Mochan Chowk,, Kabir Mandir Road, Parsudih, Jamshedpur - 831002, Near Dayal Apartment",-9349963600,,
Balarampur Fullchand School,"Industrial Area, Jamshedpur, Gamharia, Jamshedpur - 832108",-9985127052,,
St Thomas High School,"Vidya Sahar Pally, Shankarpur, Parsudih, Jamshedpur - 831007",-65718577139,,
Nimtola Primary School,"Haludbani, Pramod Nagar, Golmuri, Jamshedpur - 831003, Near Abm College",-65791331100,,
Govind Vidyalaya,"At Tamulia,Mango,Jamshedpur,, Mango, Jamshedpur - 831012",-65767768603,,
BAL Gyan Peeth High School,"C-3, Oxygen Colony, Agrico, Jamshedpur - 831009, Near Motilal Nehru Public School",-65796240940,,
Kalindi Samiti Middle Schoo..,"Bhuiyadih Road, Agrico, Jamshedpur - 831009, Near Bank Of Baroda",-65788895486,,
The BAL Gyan Peeth School,"C Oxygen Colony, Bhuiyadih, Agrico, Jamshedpur - 831009",-65744509582,,
N.M.L Kerala Public School,Jamshedpur - 831009,-9571827114,,
Kidzee Tinplate Blossom,"Tin Plate Basti, Golmuri Road, Jamshedpur - 831003",-9972803920,http://www.kidzee.com/,
Jawahar Navodaya Vidyalayas,"Bonga P.o Bariyath-Ichak, Diat Hazaridhag, Jamshedpur - 831001",-65753804,,
Pathsaala,"Road No. 9, Shiv Singh Bagan, Agrico, Jamshedpur - 831009",-9414463705,,
Naziria Urdu Middle School,"Munshi Mohalla, Mango, Jamshedpur - 831012, Near Mango Post Office",-65765056087,,
J. P. School,"Road No 5, Dimna Road, Jamshedpur - 831012",-9979230039,,
Hill Top School,"Telco Colony, H S Road, Telco, Jamshedpur - 831004, NEAR BANK OF INDIA",-65790745859,http://www.hilltopschooljamshedpur.org,-hilltopschool@rediffmail.com
Jamshedpur Public School,"Panchbati Road, Baridih, Jamshedpur - 831017",-6578467629,http://jamshedpurpublicschool.in/,E-mail-jpsaiwc1988@gmail.com
R V S Academy,"Dimna Road, Mango, Jamshedpur - 831012, Near Siroman Nagar",-65778162314,http://www.rvsacademy.com,E-mail-jpsaiwc1988@gmail.com
Valley View School,"Ashok Road, T R F Nagar, Telco, Jamshedpur - 831004",-65734179439,http://www.valleyviewschooljsr.com,E-mail-jpsaiwc1988@gmail.com
Kerala Public School,"940 & 941, 15, Jawahar Nagar, Mango, Jamshedpur - 831012",-65718202768,,
Little Flower School,"Telco Colony, Telco, Jamshedpur - 831004, Near Suraj Petrolpump",-65781492997,http://www.lfsjamshedpur.org,ps@lfsjamshedpur.org
Little Flower School,"Ring Road, Telco, Jamshedpur - 831004",-65778878990,,
Vivek Vidyalaya,"Chhata, Govindpur, Gobindpur, Jamshedpur - 831015, Near Housing Colony",-6577413956,http://www.vivekvidyalayajsr.org/,vivekjsr83@yahoo.in
Gulmohur High School,"Telco, Jamshedpur - 831004, Near New Market",-65784341405,http://www.gulmohurschool.org,vivekjsr83@yahoo.in
Xavier School Gamharia,"Xavier School, Xite Campus, , Saraikelakharswan , Jharkhand., Gamharia, Jamshedpur - 832108, Behind Tata Complex Colony",-65771316811,http://www.xavierschool.in/,xavierschoolxite@gmail.com
Gulmohar Primary School,"Telco, Jamshedpur - 831004",-65720788423,,
Govind Vidyalaya,"Tamulia, P.O Kapali, Jamshedpur - 831020",-65790150310,http://govindedu.co.in/,govindvidyalaya@rediffmail.com
Gyandeep Vidyalaya,"Zone No.6, Baridih, Jamshedpur - 831017, Birsa Nagar",-65740836645,,
KIDS International School,"Kids International, Rd. No. 17., Jawaharnagar, Jamshedpur - 831012",-65779098449,http://www.kischool.in,
Baridih High School,"Tube Colony, Baridih, Jamshedpur - 831017, Beside Tube Recration Club",-65787009969,http://bhsaiwc.in/,
Vikas Vidyalaya,"Jawaharnagar, Road No.15, N.h. 33, Mango, Jamshedpur - 831012, Near Big Bazar",-949311037,,
Vani Vidya Mandir High Scho..,"Ramgarh, Chota Gamaria, Tata Kandra Road, Jamshedpur - 832108",-65765925449,,
Siddhu Kanhu School,"Rivett Colony, Dimna, Mango, Jamshedpur - 831018",-9052308488,,
Shiksha Niketan,"Telco Colony, Indra Nagar, Telco, Jamshedpur - 831004",,http://www.shikshaniketan.org,
Dimna Basti,"Dimna, Mango, Jamshedpur - 831012",-8480889464,,
Flying English Public Schoo..,"Gadhra, Jamshedpur - 831016",-7882275542,,
Sukhdev Singh Memorial Scho..,"Dispensary Road, Sidhgora,, Agrico, Jamshedpur - 831009, Near Baraflats",-65781522066,,
Gyandeep English School,"159, Ramnagar, Sankosai Road No. 1, Mango, Jamshedpur - 831012, Jharkhand",-8043187484,,
Rock Ford Public School,"Zone No- 3 D Block. Baridih, Vijaya Garden, Baridih, Jamshedpur - 831017, Near Zone No 3 Or Infront Of Vijaya Garden",-845223632,,
Shine Play School,"Dhirajganj, Balrampur, Gamharia, Jamshedpur - 832108",-9835805753,,
Sikhsa Niketan School,"Telco,Jamshedpur,, Telco, Jamshedpur - 831004",-65761566807,,
Mourya English Public Schoo..,"Barigora, NewSarjanmda Main Road, Rahargora, Jamshedpur - 831016, Near",-9060479911,,
Kiran Memorial School,"Adarsh Nagar, Mango, Jamshedpur - 831012",-8468165244,,
Hindustan Mitra Mandal High..,"10, Sukhia Road, Basti, Golmuri, Jamshedpur - 831003, Near Vidya Jyoti Tinplate High School",-65713446802,,
New Sunflower School,"Kalisha Nagar, Road No- 8, Mango, Jamshedpur - 831012, Near Shiv Mandir",-8412860259,http://www.newsunflower.in,
Tara International School,"Tara Buliding, Dimna Road, Mango, Jamshedpur - 831012, Suman Hotel Road No .1",-8230331336,,
The Urdu High School,"Telco Colony, Telco, Jamshedpur - 831004, Near Telco Mosque",-65742872703,,
The Chanakya Vidyalaya,"Amanpath, Adarsh Nagar, Baridih Basti, Amanpath, Baridih, Jamshedpur - 831017, 185 Amanpath (Adarsh Nager)",-8978760856,,
Mou Telecom,"S N Banerjee Road, Steel Project, Jamshedpur - 831017, Nr Kali Mandir",-9764000935,,
A.b.c. Public School,"Ali Bagh, Old Purulia Road, Mango, Jamshedpur - 831012, Behind Jesu Bhawan",-9875497265,http://www.abcpublicschool.in,
A P J A KALAM HIGH SCHOOL,"A.P.J.ABDUL KALAM HIGH SCHOOL, Apjak Road Road No 6, Mango, Jamshedpur - 831012, Near Khanka,",-9837830331,,
Michelle Obama Education We..,"7, Zone Number 6, Birsanagar, Jamshedpur - 831019",-898807395,http://moews.in/,m.o-educwelfsociety@yahoo.com
Excel INDIA Model School,"3E, Zone No 3, Pradhan Colony, Birsanagar, Jamshedpur - 831017, Near Murakati Pani Tanky",,,
Mount View School,"Dimna Road, Mgm Medical College, Jamshedpur - 831018, Near Transport Nagar",-65787837348,,
APEX English School,"Apex English School, Road No 13,Jawaharnagar, Mango, Jamshedpur - 831012, Bihar Hotel",-8868199223,,
ST Marys School,"East Singhbhum, Jamshedpur - 831010, Noamundi, West Singhbhum",-65748657136,http://www.stmarysjamshedpur.in,n@font-face
Madrasa Raza-e-taiba,"Madrasa Raza E Taiba, Road, Number 13 C, Taibanagar, Kukudungri, Mango, Jamshedpur - 831012",-9113055696,,
Siksha Niketan School,"Telco, Jamshedpur - 831004",,http://www.shikshaniketan.org,
Sarjamda Onyx School,"Parsudih, Sarjamda, Jamshedpur - 831002",-9938761574,,
Bagun Nagar Primary School,"Bajarang Chowk, Bagun Nagar, Baridih, Jamshedpur - 831017, Near Hanuman Mandir",-65734059380,,
Murli Public School,"A/8, No. 6, Bagunhatu, Bagunhatu Road, Baridih, Jamshedpur - 831017, Near Suri Mandir",-7373666276,,
Government Middle School,"Gadhra, Jamshedpur - 831016",-9912210921,,
Baridih Girls High School,"Baridih, Jamshedpur - 831017",,,
Sant Ladu Ram Marwari Memor..,"Rahargora, Jamshedpur - 831016",-9249839152,,
Master Jee Educational and ..,"Bara Basti Jamshedpur, Bagunhatu, Baridih, Jamshedpur - 831017",-8251879760,http://www.masterjeetrust.com/,
Little Flower Play School,"H.N. 63, N.H. 85, Chandrawati Nagar, Ripit Colony, Mango, Jamshedpur - 831012",-7716728476,,
Sai Saraswati English Mediu..,"Birsanagar, Jamshedpur - 831004",-65789841333,,
Kerala Public School,"Road No15 Jawahar Nagar Mango Azad Nagar Singhbhum, Jawaharnagar, Jamshedpur - 831012",-65780609197,,
Karan Tantu Bai,"No 32, Telco Colony, Telco Colony Road, Telco, Jamshedpur - 831004",-7234888762,http://www.com/,
Adivasi Balika Kalyan Kendr..,"Rajendra Nagar, New Ulidih Mango, Mango, Mango, Jamshedpur - 831012, Behind Shiv Mandir",-65719756847,,
Valley View School,"Ashok Road, Trf Nagar, Telco Colony, Jamshedpur, Telco G.M. S, Jamshedpur - 831010",-65786534183,,
Shefa Modern English School,"Old Purlia Road, Mango, Jamshedpur - 831012, Bamangora",-9048081930,,
Sardha Public School,"Baleshwar Singh Path, Dimna Road, Mango, Jamshedpur - 831012, Near Dainik Jagran",-9337591796,,
Shradha Public School,"Baleshwar Singh Path, Mango, Jamshedpur - 831012, Near Dasinik Jagaran",-65734327724,,
Nageshwar Public School,"Mango Dimna Road, Mango, Jamshedpur - 831012",-9472206916,,
Suman Dutta Public Service,"Mango Dimna Road, Mango, Jamshedpur - 831012",-9287395920,,
Himani School,"Dimna Road, Mango, Jamshedpur - 831012",-9782648811,,
Ayesha Noor,"Purulia Road, Mango, Jamshedpur - 831012, Near Bihar Hotel",-7656560950,,
Syed Imran,"Jamshedpur, Chepapul, Jamshedpur - 831020",-9220544292,,
Modern View English School,"Road No.  11, Mango, Jamshedpur - 831012, Near Gurudwara",-7937455601,,
Vidya Bharti High School,"Dhirajganj, Balrampur, Gamharia, Jamshedpur - 832108",-9014493315,,
Khushi Coching Center,"55, Mango, Jamshedpur - 831012, Behind Yuvraj Enclave, Baglagora",,,
Sun-Shine Play School,"Chandraprabha Colony, Mango, Jamshedpur - 831012, Near Vishal Mega Mart",-65798480265,,
Somaya Memorial School,"Sankoshai Road, Mango, Jamshedpur - 831012, Near Bank Of India",-65711090469,,
Government School,"Shankoshai, Mango, Jamshedpur - 831012",-8786180218,,
Mothers Home Public School,"Old Purulia Road Chawk, Zakir Nagar p.o Azad Nagar, East Singhbhum, Jamshedpur - 831010, Near madina garden MARRIGE HALL",-65724833673,,
Deeniyat School,"Jharkhand Colony, Mango, Jamshedpur - 831012",-7241290838,,
Birsanagar Primary School,"Telco Road, Birsa Nagar, Birsanagar, Jamshedpur - 831004, Near Hari Mandir",-6571068137,,
Upgraded Primary School,"6-C Shiv Mandir Road Birsa Nagar, Birsanagar, Jamshedpur - 831004",-65727556241,,
Rajkiya Prathmik Vidyalaya,"Birsanagar, Jamshedpur - 831019, Near Hari Mandir, Mochi Basti, Zone 8",-7677067977,,
Xaviers English High School,"206, Tamulia, P.O. Kapali, P.S. Chandil, District Saraikela, Kharsawan, Mango, Jamshedpur - 831012",-65791081846,http://www.xaviers-school.com/,webmaster@xaviers-school.com
Rbp High School,"Bagun Nagar, Jamshedpur - 831017",-65778877813,http://www.rbps.in/,rbphighschool@gmail
Birsa Munda Gramin Vikas Sa..,"Bikash Public School Building, Baridih, Jamshedpur - 831017",-945875476,,
Vikas Vidyaniketan,"H.No.-339, Vijaya Garden Road, Baridih, Jamshedpur - 831017, Near Kali Mandir",-8577532025,http://www.vikasvisakhapatnam.com,pr@vikasonline.com
Akriti Constructions,"Tata Motors, Telco Colony, Telco G.M. S, Jamshedpur - 831010, Near Ram Mandir",-8790499147,,
Tridev Club Pardih School M..,"Kumrum, Jamshedpur - 831018",-7063966684,,
P. H. Mission School,"D/1, Bagun Nagar, Baridih Basti, Baridih, Jamshedpur - 831017, Near Bajrang Chowk",-9432120234,,
Dbms,"32, Dinkerpath Road Basti, Baridih, Jamshedpur - 831017",-9596838847,http://dbms.edu.in/,
Sunrise Academy School,"House No. 3, Durga Path, Baridih Basti, Bagun Nagar, Jamshedpur - 831017",-8629754889,,
Devine Academy,"Jamshedpur, Hill View Colony, Mango, Jamshedpur - 831018",-8258499286,http://www.bhartijsr.com/,supertutorshelp@gmail.com
Shankosai Middle School,"Dimna Road, Mgm Medical College, Jamshedpur - 831018, Near Kailash Dham Apartment",-6574472159,,
Vidya Bharathi Chinmaya Vid..,"Telco Colony, Telco, Jamshedpur - 831004, Opposite Plaza Dispensary",-6572564141,http://www.vbcvjsr.com,vbcvjsr@gmail.com
Vig English School,"Telco, Chotta Govindpur, Jamshedpur - 831015, Near Old Police Station",-65742448090,http://www.vigenglishschooljsr.in,vbcvjsr@gmail.com
Kidzee Bharti,"Road, Murakati, Jamshedpur - 831017",-7730944531,http://www.kidzee.com/,vbcvjsr@gmail.com
St Xaviers Public School,"Chotta Govindpur, Jamshedpur - 831015, Near Govindpur Railway Station",-65747418494,,
Chinmaya Vidyalaya,"Telco, Jamshedpur - 831004",-24011815495,,
Netaji Subhas Public School,"Bhilai Pahari Ps Mgm, East Singhbhum, Bhilaipahari, Jamshedpur - 831012, Hour Center College",-65714833793,http://www.nspsjsr.com,info@nspsjsr.com
S.d.public School,"Khairbani,Shamutola,Khakripara, Chota GOVIND PUR, Chotta Govindpur, Jamshedpur - 831015, RAM MANDIR 1.5KM",-9444252297,,
Netaji Subhash Public Schoo..,"Baridih, Jamshedpur - 831017",-65741296431,,
S D PUBLIC SCHOOL,"Khayerbani, Jamshedpur - 831015",-925603618,,
Essence Coaching Class,"Hitku, Jamshedpur - 831016",-7215279494,http://www.eduessencegroup.com/,emaindore@gmail.com
Bachpan A Play School,"BUNGLOW NO. 439, 7th PHASE, VIJAY GARDEN ROAD NO.E, Baridih, Jamshedpur - 831017",-65719257354,http://www.bachpanglobal.com,emaindore@gmail.com
Vikash Vidyalaya,"S2, Zone 1b, Prakash Nagar, Birsanagar, Jamshedpur - 831004",-9497107853,,
Sidhu Kanu Siksha Niketan H..,"Dimna Nagar Reveet Colony Cross Road, Dimna Road, Jamshedpur - 831012",-65721861974,,
Mile Stone School,"Durga Nagar, Govindpur, Jamshedpur - 831015, Near Gobindpur Police Station",-8683622235,,
Rajendra Public School,"Pinderaber, Penderbera, Jamshedpur - 832108",-8975861315,,
Asha Kiran School,"Relco, Telco, Jamshedpur - 831004",,,
Gyan Bhawan Virdi Colony,"39b, Ghorabandha Road, Ghorabandha, Luabasa, Jamshedpur - 831004",-9578164763,http://venturecad.co.in/,
Wisdom Tree Play School,"Jamshedpur, Bari Nagar, Kharangajhar, Jamshedpur - 831004",-958929516,,
Sri Staya Sai Seva Organisa..,"Kundadih, Chhota, Govindpur, Jamshedpur - 831015",-7048928983,,
Modern English School,"Kharangajhar, Jamshedpur - 831004, Manifit",-9867912094,,
Blue Bells English High Sch..,"Deoghar, Jamshedpur - 831012",-657632083,http://www.bluebellsjsr.in/,
Govindpur Prathamik Vidyala..,"Sopodera Road, Govindpur, Govindpur, Jamshedpur - 831015, Near Ram Mandir",-65723381150,,
Bachpan...a Play School,"Kn 43, Chotta Govindpur, Jamshedpur - 831015",-9421253699,http://www.bachpanglobal.com/,
Adarsh Vidya Niketan School,"Gobindpur Colony, Govindpur, Jamshedpur - 831015",-8059513909,,
Fuzion,"Jamshedpur, Bari Nagar, Kharangajhar, Jamshedpur - 831004",-8225236830,,
Samram School,"Samram, Jamshedpur - 831002",-7799139895,,
Shahid Nirmal Mahato Middle..,"Telco Colony, Ghorabandha, Jamshedpur - 831008, Near State Bank Of India ATM",-65768294208,,
Boston Public School,"Urmila Bhavan, Kamputa Ghorabandha Road, Circuit House, Jamshedpur - 831001",-9563949086,,
Guru Govind Vidyalay,Jamshedpur - 831004,-65789406409,,
Daffodils High School,"Bhola Bagan, Govindpur Colony, Chhota Govindpur, Jamshedpur - 831004, Near Puja Sweets",-772885482,,
Ram Udgar Singh Sanskrit Pr..,"Khakhdipada, Bara Gobindpur, Khakhdipada Road, Jamshedpur - 831016",-873279934,,
Atomic Energy Central Schoo..,"Sundar Nagar, Narwapahar Main Road, Jamshedpur - 831002, Near Singhbhum Post Office Near Harpopa Sbi Brunch",-65773607836,http://www.aecsnarwapahar.nic.in,
R.d.tata High School,"R D Tata Building, Golmuri, Jamshedpur - 831003",-65798655706,,
Dn Public School,"Kolabira, Jamshedpur - 831014, Near Bank Of India",-754676976,,
Baijnathdih,"Baijnathdih Khairbani, Khankripara, Domjuri, Jamshedpur - 831016",-9959537976,,
Government Girls High Schoo..,"Sakchi Road, Jamshedpur - 831015, Near Basant Theatre, Singhbhum",-65729499523,,
K K Orchard Academy,"Moon City, Dimma Road, Mango, Jamshedpur - 831012",-65767377871,,
Govind Vidyalaya,"Pardih, Jamshedpur - 831020, Near Brahmanada Hospital",-921910469,http://www.govindedu.co.in,govindvidyalaya@rediffmail.com
Amar Jyoti Uchh Vidyalaya,"CHEPA  PULL, Old purulia Road, Mango, Jamshedpur - 831012, Neare JKS College",-65799954770,,
Ideal Public School,"Cross Rd 2,Old Purulia Rd,Zakir Nagar West,, Mango, Jamshedpur - 831012",-65785355670,,
New Reliance Academy Englis..,"Mango,Jamshedpur,, Mango, Jamshedpur - 831012",-988053624,,
Morning Glory Preparatory S..,"170, Gold Sahara City,, Mango, Jamshedpur - 831012, Nr Telephone Exchange",-65770652482,,
Oxford Public School,"suresh puram, Old Purulia Road, Mango, Jamshedpur - 831012",-9474476452,,
Kabir Memorial High School,"Zakinagar Main Road Mango, Mango, Jamshedpur - 831012",,,
D A V Public School,"NIIT Jamshedpur Campus, R I T, Jamshedpur - 831019, Adityapur, Seraikela Kharsawan",-65752480608,http://www.davnitjsr.org,davnitjsr@yahoo.co.in
Government School,"Hesal, Jamshedpur - 831002",-8682999785,,
Gouri Dayal Montessori Scho..,"Sankosai, Road No.3, Dimna Road, Mango, Jamshedpur - 831012",-9225087536,,
Saraswati Shush Vidya Mandi..,"Pata, Hensal, Bara Sijulata, Jamshedpur - 831002",-703535479,,
Mothers Home Public School,"Zakirnagar Old Purulia Road, Mango, Jamshedpur - 831012",-9273388834,,
Gel Church Primary School,"Singhbhum Road, Mango, Jamshedpur - 831012, Near St. Antony's Church",-65722340813,,
Todd World School,"Dimna Road, Mango, Jamshedpur - 831012",-9228924675,,
Saraswati Shisu Mandir,"Raj Nagar  ( Hesal), NH 38, B Kutung, Jamshedpur - 831002, Near Bajrangbali Trmple",-9942676473,,
Bal Bharti School,"Hirachuni, Jamshedpur - 831012",-8214998889,,
Atomic Energy Central Schoo..,"Ucil Colony Jaduguda Mines, Haludpukur, Jamshedpur - 831002",-65777638721,,
St Xavier English High Scho..,"8, Khashmahal, Tata Nagar, Tatanagar, Jamshedpur - 831002",-6579151960,,
Holly Family High School,"Parsudih,Jamshedpur,, Parsudih, Jamshedpur - 831002",-65745788921,,
S S High School,"Magistrate Colony, B Kutung, Jamshedpur - 831002, Sarjamtoli",,,
Kidzee (Pre school),"Jamshedpur, Haludbani, Parsudih, Parsudih, Jamshedpur - 831002, Shiv Mandir Road",-773288259,,
Utkramit Madhya Vidyalaya,"Hesal Amda, Jamshedpur - 831002",-8247664766,,
Rajesh Raju Gope,"Chailma, Jamshedpur - 831002",-7225402091,,
Esteem Public School,"Lodha, Jamshedpur - 831002",-6226435773,http://esteempublicschool.in/,
Kita High School,"Kita, Jamshedpur - 831002",-9948131175,,
Domardiha Primary School,"Bara Bazar, Jamshedpur - 831002",-9741417143,,
The Evening Club Middle Sch..,"Tinplate, Jamshedpur - 831006, Near Golf Ground",-65791909717,,
Shardamata Prathamik Vidyal..,"Kitadih Village, Singhbhum, Jamshedpur - 831001, Near Shiv Mandir",-65794131994,,
Dayamanti Awasiy Public Hig..,"Sundar Nagar, Jamshedpur - 831007",-998663868,,
Pegasuss Preparatory Classe..,"E/19, Birsanagar Zone No.2, Tube Colony, 8, Peepal Road, Jamshedpur - 831019",-731661245,,
Modern View English School,"Jawhar Nagar Main Road, Azad Nagar, East Singhbhum - 832110, Near Gurudwara (Also serves JAMSHEDPUR)",-9890705017,,
Kiddys School,"A.P.Housing Board Colony, Shair Khan Colony, Adoni - 518301",-8531262160,,
Aksharashree Model School,"Adoni - 518301, ram jilla road",-7722428184,http://www.model.aksharasree.org,
Y M K High School,"Ymk Nagar, Adoni - 518301",,,
Sri Chaitanya School,"Near Rtc Bus Stand, Adoni - 518301, Mandagiri Panchayath,Aspari Road",-9020354134,http://srichaitanyaschool.net/,
Sri Sarada Niketan High Sch..,"Adoni - 518301, Havanapet, Opposite Shakthi Gudi",-8585426533,,
Kiddys Global School,"Door No 1-677A, Raghvendra Colony, Adoni - 518301, Near Aas College, Near Chinmaya Mansion",-85179909018,,
Milton Grammar English Medi..,"21/17A,21/17B, RBS Colony, Skd Nagar, adoni - 518301, Near Reddy   S Function Hall",-85172409593,,
Sri Vidya Day & Residential..,"Postal Colony, ADONI - 518301, Adoni, Kurnool Dist.",-85162361067,,
St Josephs High School,"Adoni - 518301, Near Bus Stop Mandagiri",-85112546762,,
Sai Bharathi School,"Skd Colony, Adoni - 518301",-9980369827,,
Vindhya Sree High School,"Kallubhavi Village, Adoni - 518301",-9491298449,,
Chinmaya Vidyalaya,"Door No 70 C, R S Road, Skd Nagar, Adoni - 518301, Near State Bank Of India",-85126831112,,
Plaksha Kids World Of Schoo..,"Door  No 20-760b2, Adoni - 518301, Opposite Nirmal Theater, Venkannapet",-85123271147,,
A P Social Welfare Resident..,"Nr. R&B Geust House, Karnal, Adoni - 518301, Victoriapet",-85136766517,,
National English Medium Sch..,"Hig 70, Adoni - 518301, Hig Colony",-85153829775,,
Mpup School Kallubavi Apj,"Kallubhavi Village, Adoni - 518301",-9416667477,,
Narayana Etechno School,"Yemmiganur Road, A.a.s. College Road,, ADONI - 518301, Near Kkb Function Hall",-8517830048,,
The Elahi English Medium Sc..,"Nizamuddin Colony, Hanuman Nagar, Adoni - 518301",-9566810683,,
Milton High School,"Hbg Nagar, Skd Nagar, Adoni - 518301",-9416432710,,
Kiddys E Techno School,Adoni - 518301,-9931010786,,
Ap Residential School,Adoni - 518301,-85184795881,,
Narendra English Medium Sch..,"Hanuman Nagar, T.G.L.K.Nagar, Adoni - 518301",-9970916339,,
Shelly Em Schools & Residen..,"Adoni - 518301, Kaparthi Nagar",-85166001111,,
Sri Krishna Devaraya Reside..,"Adoni - 518301, Rayachoti Subbaiah Colony",-85190449498,,
Nehru Memorial High School,"Mm Road, Skd Nagar, Adoni - 518301",-85154310280,,
Alfa English Medium High Sc..,Adoni - 518301,-9298521774,,
Shanthinikethan Hostel,"Kranthi Nagar, Skd Nagar, Adoni - 518301",-8844254759,,
